0,0.240655025945347
0.00810733588023172,-0.034160620155853
0.0162146717604634,0.0136529424028596
0.0243220076406952,0.0470259706710819
0.0324293435209269,0.0705587321585623
0.0405366794011586,0.0866478795303284
0.0486440152813903,0.0968553623775431
0.0567513511616221,0.102327089635627
0.0648586870418538,0.10396283794731
0.0729660229220855,0.102498529905569
0.0810733588023172,0.0985515640991569
0.089180694682549,0.0926484797130538
0.0972880305627807,0.0852433119504992
0.105395366443012,0.0767306245220192
0.113502702323244,0.067455269716534
0.121610038203476,0.0577199993648537
0.129717374083708,0.0477915774592873
0.137824709963939,0.0379057917669779
0.145932045844171,0.028167508998688
0.154039381724403,0.0188392517408705
0.162146717604634,0.0101899433402424
0.170254053484866,0.002342211555645
0.178361389365098,-0.0045910037198267
0.18646872524533,-0.0105059578514174
0.194576061125561,-0.0153076603630104
0.202683397005793,-0.0189094856241322
0.210790732886025,-0.0212328343808891
0.218898068766257,-0.022206844105916
0.227005404646488,-0.0217681451994326
0.23511274052672,-0.0198606592675336
0.243220076406952,-0.0164354350322923
0.251327412287183,-0.0114505168887073
0.259434748167415,-0.0048810309827115
0.267542084047647,0.00330880001302324
0.275649419927879,0.0131450630207694
0.28375675580811,0.0246432351277494
0.291864091688342,0.0378117592137943
0.299971427568574,0.0526522245972706
0.308078763448806,0.0691595240617808
0.316186099329037,0.0873219983296554
0.324293435209269,0.107121577418975
0.332400771089501,0.128533926797755
0.340508106969732,0.151528604816185
0.348615442849964,0.176069236545335
0.356722778730196,0.202113707873053
0.364830114610428,0.22961438250337
0.372937450490659,0.258518465867408
0.381044786370891,0.288767329629773
0.389152122251123,0.320298365850311
0.397259458131354,0.353044679022825
0.405366794011586,0.386935274259477
0.413474129891818,0.421895410757321
0.42158146577205,0.457846970631969
0.429688801652281,0.494708838966065
0.437796137532513,0.532397290657711
0.445903473412745,0.570826379493728
0.454010809292977,0.609908324817379
0.462118145173208,0.649553891210121
0.47022548105344,0.689672756760044
0.478332816933672,0.730173865741634
0.486440152813903,0.770965761876013
0.494547488694135,0.811956898769705
0.502654824574367,0.853054905014633
0.510762160454599,0.894168459729912
0.51886949633483,0.935207337283826
0.526976832215062,0.976082161951191
0.535084168095294,1.01670456740727
0.543191503975526,1.05698732650264
0.551298839855757,1.09684445184303
0.559406175735989,1.13619126851231
0.567513511616221,1.1749444610317
0.575620847496452,1.21302209734064
0.583728183376684,1.25034363320893
0.591835519256916,1.2868299010408
0.599942855137148,1.32240308750589
0.608050191017379,1.35698670482359
0.616157526897611,1.39050556083346
0.624264862777843,1.42288573320072
0.632372198658074,1.45405455322882
0.640479534538306,1.48394060477745
0.648586870418538,1.51247374370991
0.65669420629877,1.53958514311343
0.664801542179001,1.56520736924456
0.672908878059233,1.58927449274138
0.681016213939465,1.6117222391071
0.689123549819697,1.63248818179458
0.697230885699928,1.65151198039918
0.70533822158016,1.66873566548666
0.713445557460392,1.68410397043465
0.721552893340623,1.69756470934643
0.729660229220855,1.70906919860379
0.737767565101087,1.71857271797273
0.745874900981319,1.72603500538318
0.75398223686155,1.73142077760932
0.762089572741782,1.7347002671357
0.770196908622014,1.73573338600671
0.778304244502246,1.73464153713395
0.786411580382477,1.73140904467874
0.794518916262709,1.72602944847556
0.802626252142941,1.71850550567166
0.810733588023172,1.70884921856552
0.818840923903404,1.69708184616917
0.826948259783636,1.68323386501172
0.835055595663868,1.66734485207619
0.843162931544099,1.64946326986299
0.851270267424331,1.6296461405983
0.859377603304563,1.60795860361757
0.867484939184795,1.58447335689555
0.875592275065026,1.55926999040588
0.883699610945258,1.53243422524001
0.89180694682549,1.50405707791366
0.899914282705721,1.47423397374341
0.908021618585953,1.44306383631149
0.916128954466185,1.41064818163549
0.924236290346417,1.37709024559161
0.932343626226648,1.34249417138202
0.94045096210688,1.30696428049086
0.948558297987112,1.27060444585786
0.956665633867343,1.23351758024301
0.964772969747575,1.19580524636793
0.972880305627807,1.15754050226481
0.980987641508039,1.11879244061337
0.98909497738827,1.07967295429862
0.997202313268502,1.04028970793885
1.00530964914873,1.00074718265488
1.01341698502897,0.961146821771077
1.0215243209092,0.921587210524233
1.02963165678943,0.882164276817818
1.03773899266966,0.842971499848916
1.04584632854989,0.804100114126046
1.05395366443012,0.765639297819099
1.06206100031036,0.727676336336801
1.07016833619059,0.690296754299432
1.07827567207082,0.653584411458304
1.08638300795105,0.617621560424012
1.09449034383128,0.582488866152189
1.10259767971151,0.548265388887793
1.11070501559175,0.51502853362011
1.11881235147198,0.482853970024575
1.12691968735221,0.451815527375468
1.13502702323244,0.421985069045698
1.14313435911267,0.393432351028215
1.1512416949929,0.366224868492657
1.15934903087314,0.340392408760853
1.16745636675337,0.316013452646856
1.1755637026336,0.293185022955764
1.18367103851383,0.271960369967154
1.19177837439406,0.252390104576026
1.1998857102743,0.234521983363606
1.20799304615453,0.218400694353967
1.21610038203476,0.204067643552926
1.22420771791499,0.19156074250321
1.23231505379522,0.180914197310948
1.24042238967545,0.17215829988807
1.24852972555569,0.165319222493863
1.25663706143592,0.160418817024895
1.26474439731615,0.157474420872767
1.27285173319638,0.156503655760492
1.28095906907661,0.157507742116981
1.28906640495684,0.160488547055037
1.29717374083708,0.165444659734132
1.30528107671731,0.172369079931701
1.31338841259754,0.181249178993833
1.32149574847777,0.192066675512732
1.329603084358,0.204797630232155
1.33771042023823,0.219412464110049
1.34581775611847,0.235876002849481
1.3539250919987,0.25414755054702
1.36203242787893,0.274180994408111
1.37013976375916,0.295924941751292
1.37824709963939,0.319322889779425
1.38635443551962,0.344312483037886
1.39446177139986,0.370828061720454
1.40256910728009,0.398799454348821
1.41067644316032,0.428152101419817
1.41878377904055,0.458807648081796
1.42689111492078,0.490684275925248
1.43499845080102,0.523697053107045
1.44310578668125,0.557758298222381
1.45121312256148,0.592777953122385
1.45932045844171,0.628663959756656
1.46742779432194,0.665322636102284
1.47553513020217,0.702659046325071
1.48364246608241,0.740577360503314
1.49174980196264,0.778981199525933
1.49985713784287,0.817773961148884
1.5079644737231,0.856858392589461
1.51607180960333,0.89613646908619
1.52417914548356,0.935512725957103
1.5322864813638,0.974892382399021
1.54039381724403,1.01418163753151
1.54850115312426,1.05328782520067
1.55660848900449,1.09211953835299
1.56471582488472,1.13058672378372
1.57282316076495,1.16860074884413
1.58093049664519,1.20607444243474
1.58903783252542,1.2429221133075
1.59714516840565,1.27905954933908
1.60525250428588,1.31440400201249
1.61335984016611,1.34887416084648
1.62146717604634,1.38239012293497
1.62957451192658,1.41487336309487
1.63768184780681,1.44624671036228
1.64578918368704,1.47643433671855
1.65389651956727,1.50536176395895
1.6620038554475,1.53295589453091
1.67011119132774,1.55914507195503
1.67821852720797,1.58385917608972
1.6863258630882,1.60702975799682
1.69443319896843,1.62859021849869
1.70254053484866,1.64847603367298
1.71064787072889,1.66662502949798
1.71875520660913,1.68297770663002
1.72686254248936,1.69747761485934
1.73496987836959,1.7100717751558
1.74307721424982,1.72071114539356
1.75118455013005,1.72935112386105
1.75929188601028,1.73595208256285
1.76739922189052,1.74047992016529
1.77550655777075,1.74290662231088
1.78361389365098,1.74304825003397
1.79172122953121,1.74108654610087
1.79982856541144,1.73700672680554
1.80793590129167,1.73080447722122
1.81604323717191,1.72248570278836
1.82415057305214,1.71206633384359
1.83225790893237,1.69957212890997
1.8403652448126,1.6850384346433
1.84847258069283,1.66850987113347
1.85657991657306,1.65003992123835
1.8646872524533,1.62969041203515
1.87279458833353,1.6075308853886
1.88090192421376,1.58363786299623
1.88900926009399,1.55809401890156
1.89711659597422,1.53098727911842
1.90522393185446,1.5024098733973
1.91333126773469,1.47245736801157
1.92143860361492,1.44122771051799
1.92954593949515,1.40882031760863
1.93765327537538,1.37533523539199
1.94576061125561,1.34087239782171
1.95386794713585,1.3055310037701
1.96197528301608,1.26940902678274
1.97008261889631,1.23259263358186
1.97818995477654,1.19511076976313
1.98629729065677,1.15707330839554
1.994404626537,1.11858789025389
2.00251196241724,1.07975877624883
2.01061929829747,1.04068702214146
2.0187266341777,1.00147070302735
2.02683397005793,0.962205173121986
2.03494130593816,0.92298334500879
2.04304864181839,0.883895972347378
2.05115597769863,0.845031920955171
2.05926331357886,0.80647841497647
2.06737064945909,0.768321247305337
2.07547798533932,0.730644946277892
2.08358532121955,0.693532893646173
2.09169265709978,0.65706739176238
2.09979999298002,0.621329680550591
2.10790732886025,0.586399907081105
2.11601466474048,0.552357052300683
2.12412200062071,0.519278820670671
2.13222933650094,0.487241499130275
2.14033667238118,0.456319791977984
2.14844400826141,0.426586638021931
2.15655134414164,0.398113015779605
2.16465868002187,0.370967741706579
2.1727660159021,0.34517451177664
2.18087335178233,0.320816912769308
2.18898068766257,0.298001177569761
2.1970880235428,0.276780994194729
2.20519535942303,0.257207504047457
2.21330269530326,0.239329054387972
2.22141003118349,0.223190957194931
2.22951736706372,0.208835253950731
2.23762470294396,0.196300486000874
2.24573203882419,0.185621470362979
2.25383937470442,0.176829081170489
2.26194671058465,0.169950037307463
2.27005404646488,0.165006697197936
2.27816138234511,0.162016862130043
2.28626871822535,0.160997468573109
2.29437605410558,0.161953428353997
2.30248338998581,0.164884195920018
2.31059072586604,0.169788859486957
2.31869806174627,0.176660822976496
2.3268053976265,0.185487782539005
2.33491273350674,0.196251715491771
2.34302006938697,0.208928886491842
2.3511274052672,0.223489875147657
2.35923474114743,0.239899628619044
2.36734207702766,0.258117542061948
2.3754494129079,0.278097569047654
2.38355674878813,0.299788363335258
2.39166408466836,0.323133452611873
2.39977142054859,0.348070380492374
2.40787875642882,0.374533551169126
2.41598609230905,0.402452833662193
2.42409342818929,0.431753668435978
2.43220076406952,0.462357696790059
2.44030809994975,0.494183093247606
2.44841543582998,0.527144916218836
2.45652277171021,0.561155472352575
2.46463010759044,0.596124689774709
2.47273744347068,0.631960495294944
2.48084477935091,0.668569190646409
2.48895211523114,0.705855822907408
2.49705945111137,0.743724544439662
2.5051667869916,0.782078957958872
2.51327412287183,0.820822442725672
2.52138145875207,0.859858245056305
2.5294887946323,0.899088059613454
2.53759613051253,0.938415935849821
2.54570346639276,0.977747100133636
2.55381080227299,1.01698775561753
2.56191813815322,1.05604523698676
2.57002547403346,1.0948281349007
2.57813280991369,1.13324639088713
2.58624014579392,1.171211364242
2.59434748167415,1.20863587324077
2.60245481755438,1.24543421367199
2.61056215343462,1.28152215834959
2.61866948931485,1.31681694184014
2.62677682519508,1.35123723514773
2.63488416107531,1.38470311552428
2.64299149695554,1.41713603691106
2.65109883283577,1.44845880676037
2.65920616871601,1.47859557512769
2.66731350459624,1.50747184195641
2.67542084047647,1.5350144883904
2.6835281763567,1.56115183773481
2.69163551223693,1.58581375133092
2.69974284811716,1.60893176410522
2.7078501839974,1.63043926388204
2.71595751987763,1.65027171770088
2.72406485575786,1.66836694734151
2.73217219163809,1.6846654550227
2.74027952751832,1.6991107987995
2.74838686339855,1.71165001554266
2.75649419927879,1.72223408755508
2.76460153515902,1.7308184468916
2.77270887103925,1.73736350934372
2.78081620691948,1.74183522789205
2.78892354279971,1.74420565330124
2.79703087867995,1.74428996132366
2.80513821456018,1.74227118635569
2.81324555044041,1.73813458548582
2.82135288632064,1.73187590867632
2.82946022220087,1.72350114476861
2.8375675580811,1.71302632102521
2.84567489396134,1.70047730179967
2.85378222984157,1.6858895440855
2.8618895657218,1.66930777856941
2.86999690160203,1.6507855948506
2.87810423748226,1.63038491894154
2.88621157336249,1.60817538011636
2.89431890924273,1.58423357255774
2.90242624512296,1.55864222489868
2.91053358100319,1.53148929740998
2.91864091688342,1.50286703196538
2.92674825276365,1.47287098374533
2.93485558864388,1.44159906569171
2.94296292452412,1.40915063685629
2.95107026040435,1.37562566396984
2.95917759628458,1.3411239819017
2.96728493216481,1.30574467342214
2.97539226804504,1.26958558218602
2.98349960392527,1.23272656123186
2.99160693980551,1.19520676289838
2.99971427568574,1.15713192497279
3.00782161156597,1.11860956438409
3.0159289474462,1.07974381714603
3.02403628332643,1.04063561601279
3.03214361920667,1.00138291767872
3.0402509550869,0.962080964966567
3.04835829096713,0.92282256809818
3.05646562684736,0.883698389000937
3.06457296272759,0.844797213541328
3.07268029860782,0.80620619840025
3.08078763448805,0.76801108177614
3.08889497036829,0.730296349967673
3.09700230624852,0.693145354896662
3.10510964212875,0.656640380556904
3.11321697800898,0.620862659027309
3.12132431388921,0.585892338926514
3.12943164976945,0.551808410921914
3.13753898564968,0.518688596099887
3.14564632152991,0.486609203662658
3.15375365741014,0.455644964585176
3.16186099329037,0.425868847614913
3.1699683291706,0.397351863418865
3.17807566505084,0.370162861873454
3.18618300093107,0.344325421214877
3.1942903368113,0.319923237984988
3.20239767269153,0.297062736569493
3.21050500857176,0.275797617684847
3.21861234445199,0.256179037009127
3.22671968033223,0.238255357016611
3.23482701621246,0.222071905321181
3.24293435209269,0.207670739047521
3.25104168797292,0.195090414868387
3.25914902385315,0.184365764570839
3.26725635973339,0.175527676324749
3.27536369561362,0.168602882198948
3.28347103149385,0.163613752878572
3.29157836737408,0.160578100954807
3.29968570325431,0.159514758299725
3.30779303913454,0.160424303218545
3.31590037501478,0.163308817912303
3.32400771089501,0.168167359057189
3.33211504677524,0.174993306793449
3.34022238265547,0.183774339566984
3.3483297185357,0.194492421725035
3.35643705441593,0.207123808620865
3.36454439029617,0.221639073378901
3.3726517261764,0.238003158826826
3.38075906205663,0.256175457415801
3.38886639793686,0.276109921230037
3.39697373381709,0.297755203441102
3.40508106969732,0.32105483180278
3.41318840557756,0.345946353337589
3.42129574145779,0.372364171545078
3.42940307733802,0.400238155466187
3.43751041321825,0.429493746603786
3.44561774909848,0.460052587382331
3.45372508497871,0.491832853507659
3.46183242085895,0.524749604608129
3.46993975673918,0.558715148568973
3.47804709261941,0.593639414757673
3.48615442849964,0.629430331220905
3.49426176437987,0.665994200916944
3.50236910026011,0.70323607213227
3.51047643614034,0.741060098416218
3.51858377202057,0.779369883649204
3.5266911079008,0.818068808232226
3.53479844378103,0.857060116277953
3.54290577966126,0.896245498661431
3.5510131155415,0.93552901647919
3.55912045142173,0.974815896606815
3.56722778730196,1.01401234273675
3.57533512318219,1.05302569012561
3.58344245906242,1.09176453003272
3.59154979494265,1.13013880461026
3.59965713082289,1.16805987379831
3.60776446670312,1.2054405565315
3.61587180258335,1.24219514926816
3.62397913846358,1.2782394254988
3.63208647434381,1.31349062047032
3.64019381022404,1.34786740586887
3.64830114610428,1.38128985962905
3.65640848198451,1.41367943637571
3.66451581786474,1.44495894424707
3.67262315374497,1.47505253398972
3.6807304896252,1.50388570624773
3.68883782550543,1.5313853428811
3.69694516138567,1.55747976793398
3.7050524972659,1.58209884351873
3.71315983314613,1.60517410537563
3.72126716902636,1.62663894219777
3.72937450490659,1.64642882196195
3.73748184078682,1.66448156746863
3.74558917666706,1.68073768205629
3.75369651254729,1.69514072501479
3.76180384842752,1.70763773458084
3.76991118430775,1.71817969456981
3.77801852018798,1.72672203870945
3.78612585606822,1.73322518463632
3.79423319194845,1.73765508735695
3.80234052782868,1.73998379984738
3.81044786370891,1.74002648340741
3.81855519958914,1.73796619614358
3.82666253546937,1.73378819691498
3.83476987134961,1.72748823787189
3.84287720722984,1.719072310363
3.85098454311007,1.70855644438969
3.8590918789903,1.69596650719468
3.86719921487053,1.68133795873377
3.87530655075076,1.66471553265437
3.883413886631,1.64615282144268
3.89152122251123,1.62571175385519
3.89962855839146,1.60346196170194
3.90773589427169,1.57948004143407
3.91584323015192,1.55384872363368
3.92395056603215,1.52665597015905
3.93205790191239,1.49799402407848
3.94016523779262,1.46795844135562
3.94827257367285,1.43664713529934
3.95637990955308,1.40415946492129
3.96448724543331,1.37059539652818
3.97259458131354,1.33605476421739
3.98070191719378,1.30063664968678
3.98880925307401,1.26443889527544
3.99691658895424,1.22754132581425
4.00502392483447,1.1899830962866
4.0131312607147,1.15186997102311
4.02123859659494,1.11330946537129
4.02934593247517,1.07440571379763
4.0374532683554,1.03525964758698
4.04556060423563,0.995969222083084
4.05366794011586,0.956629678912982
4.06177527599609,0.917333827287998
4.06988261187633,0.878172328333644
4.07798994775656,0.839233967339502
4.08609728363679,0.800605900643447
4.09420461951702,0.76237386633674
4.10231195539725,0.72462235084226
4.11041929127748,0.68743470642726
4.11852662715772,0.650893217637451
4.12663396303795,0.61507911729171
4.13474129891818,0.58007255491568
4.14284863479841,0.545952522228241
4.15095597067864,0.512796741488539
4.15906330655887,0.48068152316983
4.16717064243911,0.449681599594218
4.17527797831934,0.419869940911737
4.18338531419957,0.391317559228425
4.1914926500798,0.364093305879418
4.19959998596003,0.338220757917486
4.20770732184026,0.313783614669899
4.2158146577205,0.290888304731824
4.22392199360073,0.269588529903661
4.23202932948096,0.249935446971078
4.24013666536119,0.231977419528416
4.24824400124142,0.215759776312965
4.25635133712166,0.201324575568889
4.26445867300189,0.18871037507881
4.27256600888212,0.177952007725788
4.28067334476235,0.16908036275871
4.28878068064258,0.162122173306367
4.29688801652281,0.157099811093499
4.30499535240305,0.154031089729932
4.31310268828328,0.152934842342132
4.32121002416351,0.153811647870736
4.32931736004374,0.156663589432433
4.33742469592397,0.161489724696355
4.3455320318042,0.168283434760856
4.35363936768444,0.177032398999963
4.36174670356467,0.187718582663243
4.3698540394449,0.200318241984023
4.37796137532513,0.214801950947534
4.38606871120536,0.231134653225608
4.39417604708559,0.249275742099032
4.40228338296583,0.269179170468956
4.41039071884606,0.290793592312739
4.41849805472629,0.314062536180067
4.42660539060652,0.338923549842922
4.43471272648675,0.365311037597312
4.44282006236698,0.393154869268866
4.45092739824722,0.422380487127594
4.45903473412745,0.452909534359097
4.46714207000768,0.48466018742454
4.47524940588791,0.517547506701995
4.48335674176814,0.551483800820893
4.49146407764838,0.586378999887578
4.49957141352861,0.622141032682327
4.50767874940884,0.658676202891857
4.51578608528907,0.695889559526004
4.5238934211693,0.733685256852441
4.53200075704953,0.771966899464918
4.54010809292977,0.810637868472832
4.54821542881,0.849601408771931
4.55632276469023,0.888759212046171
4.56443010057046,0.92801533982487
4.57253743645069,0.967275019681248
4.58064477233092,1.00644445599942
4.58875210821116,1.04543098472167
4.59685944409139,1.08414319778701
4.60496677997162,1.12249103802135
4.61307411585185,1.16038586603258
4.62118145173208,1.19774050141733
4.62928878761231,1.23446924129013
4.63739612349255,1.27048785979199
4.64550345937278,1.3057135928147
4.65361079525301,1.34006511268367
4.66171813113324,1.37346249796735
4.66982546701347,1.40582720391899
4.67793280289371,1.43708203929988
4.68604013877394,1.46715115547452
4.69414747465417,1.49596005369976
4.7022548105344,1.52343561644343
4.71036214641463,1.54950616835274
4.71846948229486,1.57410157213844
4.7265768181751,1.59715336413481
4.73468415405533,1.6185949336247
4.74279148993556,1.63836174917077
4.75089882581579,1.65639163415557
4.75900616169602,1.67262509249627
4.76711349757625,1.68700568405823
4.77522083345649,1.69948044765082
4.78332816933672,1.71000036765937
4.79143550521695,1.71852087837927
4.79954284109718,1.72500239801246
4.80765017697741,1.72941088212881
4.81575751285764,1.7316745491471
4.82386484873788,1.7317080393265
4.83197218461811,1.72963561821053
4.84007952049834,1.72544337676868
4.84818685637857,1.71912768215774
4.8562941922588,1.71069497962361
4.86440152813903,1.70016163370363
4.87250886401927,1.68755375788428
4.8806161998995,1.67290699315426
4.88872353577973,1.65626620610146
4.89683087165996,1.6376850867357
4.90493820754019,1.61722563529149
4.91304554342042,1.59495753592876
4.92115287930066,1.57095742341934
4.92926021518089,1.54530805638959
4.93736755106112,1.51809741722375
4.94547488694135,1.48941776402222
4.95358222282158,1.45936466377059
4.96168955870182,1.42803603787569
4.96979689458205,1.3955312513172
4.97790423046228,1.36195027481986
4.98601156634251,1.32739294577208
4.99411890222274,1.29195834834407
5.00222623810297,1.25574432675307
5.01033357398321,1.21883070544666
5.01844090986344,1.18125664156815
5.02654824574367,1.14312790216126
5.0346555816239,1.10455200299904
5.04276291750413,1.06563307895731
5.05087025338436,1.02647206171646
5.0589775892646,0.987166907003979
5.06708492514483,0.947812856820786
5.07519226102506,0.908502720743704
5.08329959690529,0.869327160256661
5.09140693278552,0.830374961001622
5.09951426866575,0.791733279663605
5.10762160454599,0.753487854676374
5.11572894042622,0.715723172801043
5.12383627630645,0.678522586639095
5.13194361218668,0.641968381066514
5.14005094806691,0.606141789228485
5.14815828394714,0.571122960972879
5.15626561982738,0.536990888336523
5.16437295570761,0.503823293892021
5.17248029158784,0.471696488421328
5.18058762746807,0.44068520455024
5.1886949633483,0.410862412727214
5.19680229922854,0.382299125351201
5.20490963510877,0.355064194044514
5.213016970989,0.329181196093238
5.22112430686923,0.304733831124073
5.22923164274946,0.281828528051233
5.23733897862969,0.260518988931632
5.24544631450993,0.240856370802087
5.25355365039016,0.222889037502522
5.26166098627039,0.206662318010092
5.26976832215062,0.192218270802978
5.27787565803085,0.179595453891884
5.28598299391108,0.168828700381926
5.29409032979132,0.15994889973798
5.30219766567155,0.152982785298724
5.31030500155178,0.147952728992644
5.31841233743201,0.144876544627169
5.32651967331224,0.143773065524768
5.33462700919247,0.144642870805345
5.34273434507271,0.147488043764037
5.35084168095294,0.152307642244012
5.35894901683317,0.159095047511261
5.3670563527134,0.167837939101112
5.37516368859363,0.17851828241821
5.38327102447387,0.191112333844743
5.3913783603541,0.205590667508689
5.39948569623433,0.221918227218511
5.40759303211456,0.24005440638559
5.41570036799479,0.259953158035616
5.42380770387502,0.281563136264499
5.43191503975526,0.304827869734483
5.44002237563549,0.329684906323477
5.44812971151572,0.356068650428425
5.45623704739595,0.383908971969868
5.46434438327618,0.413131313306595
5.47245171915641,0.44365731770706
5.48055905503665,0.475405161709368
5.48866639091688,0.508289905762569
5.49677372679711,0.542223858561191
5.50488106267734,0.577116950270726
5.51298839855757,0.612877109724681
5.5210957344378,0.649410640657082
5.52920307031804,0.686622592119153
5.53731040619827,0.724417118414036
5.5454177420785,0.762697824165025
5.55352507795873,0.801368090505147
5.56163241383896,0.840331162349248
5.56973974971919,0.879488731394994
5.57784708559943,0.918744859173008
5.58595442147966,0.958004773256603
5.59406175735989,0.997174678024056
5.60216909324012,1.03616190940587
5.61027642912035,1.07487505932335
5.61838376500059,1.11322407057874
5.62649110088082,1.15112030375036
5.63459843676105,1.18847657839931
5.64270577264128,1.22520719159867
5.65081310852151,1.26122791744208
5.65892044440174,1.29645599176801
5.66702778028198,1.33081008684267
5.67513511616221,1.36421028116934
5.68324245204244,1.39657802993023
5.69134978792267,1.42783614180965
5.6994571238029,1.45790876808922
5.70756445968313,1.48672140993702
5.71567179556337,1.51420094972618
5.7237791314436,1.54027571200334
5.73188646732383,1.56487555937279
5.73999380320406,1.58793202805648
5.74810113908429,1.60937850721903
5.75620847496452,1.62915046529901
5.76431581084476,1.64718572554904
5.77242314672499,1.66342479175048
5.78053048260522,1.67781122362709
5.78863781848545,1.69029205984072
5.79674515436568,1.70081828462345
5.80485249024591,1.70934533211154
5.81295982612615,1.71583362034202
5.82106716200638,1.72024910471403
5.82917449788661,1.72252000346842
5.83728183376684,1.72256095668016
5.84538916964707,1.72049622970918
5.85349650552731,1.71631191333077
5.86160384140754,1.7100043745019
5.86971117728777,1.70158005826283
5.877818513168,1.69105532893955
5.88592584904823,1.67845629980139
5.89403318492846,1.66381861161413
5.9021405208087,1.6471871307369
5.91024785668893,1.62861554694498
5.91835519256916,1.60816586023244
5.92646252844939,1.58590775451299
5.93456986432962,1.56191786430631
5.94267720020985,1.53627894798076
5.95078453609009,1.50907898765674
5.95889187197032,1.48041024116487
5.96699920785055,1.45036827521511
5.97510654373078,1.41905101093277
5.98321387961101,1.38655781301017
5.99132121549124,1.35298865187882
5.99942855137148,1.31844336462805
6.00753588725171,1.28302103512322
6.01564322313194,1.24681950727092
6.02375055901217,1.20991860519422
6.0318578948924,1.1723574857156
6.03996523077264,1.13424191555944
6.04807256665287,1.09567941016528
6.0561799025331,1.05677410406978
6.06428723841333,1.01762692860851
6.07239457429356,0.978335839158555
6.08050191017379,0.938996077364804
6.08860924605403,0.899700452442466
6.09671658193426,0.860539625508318
6.10482391781449,0.821602381831593
6.11293125369472,0.782975877719056
6.12103858957495,0.74474585122069
6.12914592545518,0.706996788708308
6.13725326133541,0.669812042388568
6.14536059721565,0.633273896737134
6.15346793309588,0.597463584493367
6.16157526897611,0.562461255093807
6.16968260485634,0.528345900158464
6.17778994073657,0.495195241837629
6.18589727661681,0.463085590485453
6.19400461249704,0.432091678294451
6.20211194837727,0.402286475274314
6.2102192842575,0.373740993379757
6.21832662013773,0.346524083783387
6.22643395601796,0.320659323315325
6.2345412918982,0.296230411142053
6.24264862777843,0.273343775712558
6.25075596365866,0.252053118612155
6.25886329953889,0.232409596400659
6.26697063541912,0.214461572435586
6.27507797129936,0.198254375206296
6.28318530717959,0.183830062697797
6.29129264305982,0.171227192422249
6.29939997894005,0.160480596980862
6.30750731482028,0.151621165329272
6.31561465070051,0.144675630291568
6.32372198658075,0.139666363276336
6.33182932246098,0.136611177565796
6.33993665834121,0.135528905951984
6.34804399422144,0.136420127018918
6.35615133010167,0.139286923520665
6.3642586659819,0.144128352754105
6.37236600186214,0.15093779543368
6.38047333774237,0.159702930537972
6.3885806736226,0.170405722909631
6.39668800950283,0.183022428363672
6.40479534538306,0.19752362045571
6.41290268126329,0.213874242416678
6.42101001714353,0.232033687075275
6.42911735302376,0.25195590686937
6.43722468890399,0.273589555301931
6.44533202478422,0.296878160437156
6.45343936066445,0.321759269549785
6.46154669654468,0.348167286428574
6.46965403242492,0.376032080380776
6.47776136830515,0.40527909314686
6.48586870418538,0.435829967371932
6.49397604006561,0.467602878965731
6.50208337594584,0.500512887743949
6.51019071182607,0.534472301762771
6.51829804770631,0.569391050544382
6.52640538358654,0.605177062274031
6.53451271946677,0.641736640032567
6.542620055347,0.678974832213099
6.55072739122723,0.716795792455772
6.55883472710747,0.755103124715999
6.5669420629877,0.793800209454048
6.57504939886793,0.832790290907192
6.58315673474816,0.871975060090714
6.59126407062839,0.9112585778479
6.59937140650862,0.950546071060038
6.60747874238886,0.989743743408579
6.61558607826909,1.02875893012246
6.62369341414932,1.06750022241664
6.63180075002955,1.10587756238234
6.63990808590978,1.14380230988211
6.64801542179001,1.18118728375659
6.65612275767025,1.21794678035377
6.66423009355048,1.25399657303749
6.67233742943071,1.28925389691184
6.68044476531094,1.32363742350399
6.68855210119117,1.3570672305736
6.6966594370714,1.38946477255467
6.70476677295164,1.42075285737876
6.71287410883187,1.45085563557019
6.7209814447121,1.4796986075352
6.72908878059233,1.50720865488061
6.73719611647256,1.53331410138224
6.7453034523528,1.55794480886913
6.75341078823303,1.58103231278347
6.76151812411326,1.60251000150578
6.76962545999349,1.62231334268606
6.77773279587372,1.64038015878402
6.78584013175395,1.6566509527837
6.79394746763418,1.67106928360724
6.80205480351442,1.68358218911053
6.81016213939465,1.69414065271538
6.81826947527488,1.70270010774349
6.82637681115511,1.70922097141311
6.83448414703534,1.7136691983003
6.84259148291557,1.71597300581864
6.85069881879581,1.71604703321158
6.85880615467604,1.71401554500348
6.86691349055627,1.70986463112984
6.8750208264365,1.70359065770366
6.88312816231673,1.69520006891715
6.89123549819697,1.68470922824413
6.8993428340772,1.67214424809774
6.90745016995743,1.65754076838345
6.91555750583766,1.64094365459611
6.92366484171789,1.62240659564266
6.93177217759813,1.60199159064489
6.93987951347836,1.57976832264024
6.94798684935859,1.55581342526818
6.95609418523882,1.53020965601295
6.96420152111905,1.5030449961069
6.97230885699928,1.47441170248876
6.98041619287951,1.44440534097276
6.98852352875975,1.41312383178457
6.99663086463998,1.38066653871314
7.00473820052021,1.34713343128278
7.01284553640044,1.31262434567189
7.02095287228067,1.27723836483115
7.0290602081609,1.24107333174872
7.03716754404114,1.20420906962546
7.04527487992137,1.16668473435809
7.0533822158016,1.12860609174174
7.06148955168183,1.09008065628293
7.06959688756206,1.05121256158168
7.0777042234423,1.01210273803334
7.08581155932253,0.972849140071287
7.09391889520276,0.933547008393105
7.10202623108299,0.894289151263232
7.11013356696322,0.855166228844187
7.11824090284345,0.816267025447503
7.12634823872369,0.777678696418804
7.13445557460392,0.739486978843526
7.14256291048415,0.701776358125562
7.15067024636438,0.664630185500287
7.15877758224461,0.628130744468766
7.16688491812484,0.592359266792434
7.17499225400508,0.557395900926634
7.18309958988531,0.523319637506919
7.19120692576554,0.490208197695889
7.19931426164577,0.458137890856799
7.207421597526,0.427183448188081
7.21552893340623,0.397417838702187
7.22363626928647,0.368912073353457
7.2317436051667,0.341735002311021
7.23985094104693,0.31591020139842
7.24795827692716,0.291521368772525
7.25606561280739,0.268674931869682
7.26417294868763,0.247424591259549
7.27228028456786,0.227821502483298
7.28038762044809,0.209914027876851
7.28849495632832,0.193747494905042
7.29660229220855,0.179363960525456
7.30470962808878,0.166801981219943
7.31281696396902,0.156096388556561
7.32092429984925,0.147278070454965
7.32903163572948,0.140373758700467
7.33713897160971,0.135405823660094
7.34524630748994,0.132392077571774
7.35335364337017,0.131351352180526
7.36146097925041,0.132284225020651
7.36956831513064,0.135192777793842
7.37767565101087,0.140076066741952
7.3857829868911,0.1469274715218
7.39389032277133,0.155734670051743
7.40199765865157,0.166479626111657
7.4101049945318,0.179138594451233
7.41821233041203,0.193682147558277
7.42631966629226,0.210075227593419
7.43442700217249,0.228277226312608
7.44253433805272,0.24824209507854
7.45064167393295,0.2699184863166
7.45874900981319,0.293249927011037
7.46685634569342,0.318173963354322
7.47496368157365,0.344624998050585
7.48307101745388,0.372532899320203
7.49117835333411,0.401823107814477
7.49928568921434,0.432417265087127
7.50739302509458,0.464233545954299
7.51550036097481,0.497187009135913
7.52360769685504,0.531189961590221
7.53171503273527,0.566152331739362
7.5398223686155,0.601982046666448
7.54792970449573,0.638585408348109
7.55603704037597,0.675867464071221
7.5641443762562,0.713732366367642
7.57225171213643,0.752083718082552
7.58035904801666,0.790824898564025
7.5884663838969,0.829859150935195
7.59657371977713,0.869088165095317
7.60468105565736,0.908416000769778
7.61278839153759,0.947747883720119
7.62089572741782,0.986990016506245
7.62900306329805,1.02604973323374
7.63711039917828,1.06483562399247
7.64521773505852,1.10325762974682
7.65332507093875,1.14122710923081
7.66143240681898,1.17865688015488
7.66953974269921,1.21546123773516
7.67764707857944,1.25155595420203
7.68575441445967,1.28685826352454
7.69386175033991,1.32128683609323
7.70196908622014,1.35476174852964
7.71007642210037,1.38720445412813
7.7181837579806,1.41853775967916
7.72629109386083,1.44868581456447
7.73439842974107,1.47757411804636
7.7425057656213,1.50512955058628
7.75061310150153,1.53128043481335
7.75872043738176,1.55595663140856
7.76682777326199,1.57908967466479
7.77493510914222,1.60061295181194
7.78304244502246,1.62046192934817
7.79114978090269,1.63857442858013
7.79925711678292,1.65489095133765
7.80736445266315,1.66935505538744
7.81547178854338,1.68191377742892
7.82357912442361,1.69251809972626
7.83168646030385,1.70112345444251
7.83979379618408,1.70769025763618
7.84790113206431,1.71218446272267
7.85600846794454,1.71453428595381
7.86411580382477,1.71465436541046
7.872223139705,1.7126689644534
7.88033047558524,1.70856417185367
7.88843781146547,1.70233635255898
7.8965451473457,1.69399194959542
7.90465248322593,1.68354732526985
7.91275981910616,1.6710285908277
7.9208671549864,1.65647138500599
7.92897449086663,1.63992057213042
7.93708182674686,1.62142983993809
7.94518916262709,1.60106118638029
7.95329649850732,1.57888429332331
7.96140383438755,1.55497579323493
7.96951117026779,1.52941844242711
7.97761850614802,1.50230022095939
7.98572584202825,1.47371338459716
7.99383317790848,1.44375349798086
8.00194051378871,1.41251848016193
8.01004784966894,1.38010769375466
8.01815518554917,1.34662110710832
8.02626252142941,1.31215855522589
8.03436985730964,1.27681911988234
8.04247719318987,1.2407006428898
8.0505845290701,1.20388294627283
8.05869186495033,1.16640518475164
8.06679920083057,1.1283731229446
8.0749065367108,1.08989427418131
8.08301387259103,1.05107277088474
8.09112120847126,1.01200954227307
8.09922854435149,0.97280254160237
8.10733588023172,0.933547008392899
8.11544321611196,0.894335749731747
8.12355055199219,0.855259424604062
8.13165788787242,0.816406816144028
8.13976522375265,0.777865078520012
8.14787255963288,0.739719947640265
8.15597989551311,0.702055907731608
8.16408723139335,0.664956308852507
8.17219456727358,0.628503433327278
8.18030190315381,0.592778511740829
8.18840923903404,0.557861691372212
8.19651657491427,0.52383196168096
8.2046239107945,0.490767042653938
8.21273124667474,0.458743242479002
8.22083858255497,0.427835291179545
8.2289459184352,0.398116156593356
8.23705325431543,0.369656848500539
8.24516059019566,0.342526215896426
8.2532679260759,0.316747833431238
8.26137526195613,0.292405398089033
8.26948259783636,0.269605336133876
8.27758993371659,0.248401346963711
8.28569726959682,0.228844584948585
8.29380460547705,0.210983411253925
8.30191194135729,0.19486315217472
8.31001927723752,0.180525863499389
8.31812661311775,0.168010100541335
8.32623394899798,0.15735069370091
8.33434128487821,0.148578529730831
8.34244862075844,0.141720339250262
8.35055595663868,0.136798491460939
8.35866329251891,0.133830797436341
8.36677062839914,0.132836087757923
8.37487796427937,0.133814938797344
8.3829853001596,0.136769431094619
8.39109263603983,0.141698619730877
8.39919997192007,0.148595883203234
8.4073073078003,0.157448898271371
8.41541464368053,0.168239627557551
8.42352197956076,0.180944324654967
8.43162931544099,0.195533560896034
8.43973665132123,0.211972277287142
8.44784398720146,0.230219864431176
8.45595132308169,0.250230272538998
8.46405865896192,0.271952152885395
8.47216599484215,0.295329031305279
8.48027333072238,0.32029845284308
8.48838066660262,0.346794819056231
8.49648800248285,0.374747997019729
8.50459533836308,0.404083426240947
8.51270267424331,0.434722747131025
8.52081001012354,0.466584133365002
8.52891734600377,0.49958264252316
8.53702468188401,0.533630580425634
8.54513201776424,0.568637874357934
8.55323935364447,0.604512450268123
8.5613466895247,0.64116060899937
8.56945402540493,0.678487396706696
8.57756136128516,0.716396964791772
8.5856686971654,0.754792914971233
8.59377603304563,0.793578625466323
8.60188336892586,0.832657338275076
8.60999070480609,0.871930742173408
8.61809804068632,0.911302895765151
8.62620537656655,0.950679023692089
8.63431271244679,0.989965327396244
8.64242004832702,1.02906913986716
8.65052738420725,1.06789905008057
8.65863472008748,1.10636499788868
8.66674205596771,1.14437834091524
8.67484939184794,1.18185189576244
8.68295672772818,1.21869995654016
8.69106406360841,1.25483829437457
8.69917139948864,1.29018414213256
8.70727873536887,1.32465616910464
8.7153860712491,1.35817445081443
8.72349340712933,1.3906604394605
8.73160074300957,1.42203694073972
8.7397080788898,1.45222810294244
8.74781541477003,1.48115942424181
8.75592275065026,1.50875778401238
8.76403008653049,1.53495150379867
8.77213742241073,1.55967044319938
8.78024475829096,1.58284613542745
8.78835209417119,1.60441196663519
8.79645943005142,1.62430340224559
8.80456676593165,1.64245826249256
8.81267410181188,1.65881704813562
8.82078143769212,1.67332331587366
8.82888877357235,1.68592410134078
8.83699610945258,1.69657038573839
8.84510344533281,1.7052176001693
8.85321078121304,1.71182615963441
8.86131811709327,1.71636201649407
8.86942545297351,1.71875338594775
8.87753278885374,1.71891490502659
8.88564012473397,1.71697083604436
8.8937474606142,1.71290726672779
8.90185479649443,1.70672056098306
8.90996213237467,1.69841716079744
8.9180694682549,1.68801342744184
8.92617680413513,1.67553547112853
8.93428414001536,1.66101892956422
8.94239147589559,1.64450866604717
8.95049881177582,1.62605836728996
8.95860614765606,1.60573003022229
8.96671348353629,1.58359333569181
8.97482081941652,1.55972491515064
8.98292815529675,1.53420752389807
8.99103549117698,1.50712914098401
8.99914282705721,1.47858202116733
9.00725016293745,1.44866172808494
9.01535749881768,1.41746617978793
9.02346483469791,1.38509473789333
9.03157217057814,1.35164736975633
9.03967950645837,1.31722390938902
9.0477868423386,1.28192343757867
9.05589417821884,1.24584379515296
9.06400151409907,1.20906480315524
9.0721088499793,1.17162561532781
9.08021618585953,1.13363199531444
9.08832352173976,1.09519145547343
9.09643085762,1.05640812725986
9.10453819350023,1.01738293892735
9.11264552938046,0.978213842770859
9.12075286526069,0.938996077352939
9.12886020114092,0.899822448806421
9.13696753702115,0.860783615165697
9.14507487290139,0.821968358617688
9.15318220878162,0.783463832387023
9.16128954466185,0.745355771441756
9.16939688054208,0.707728659072096
9.17750421642231,0.670665844403502
9.18561155230254,0.634249608830887
9.19371888818278,0.59856118201341
9.20182622406301,0.563680710308046
9.20993355994324,0.529687182255931
9.21804089582347,0.496658316929259
9.2261482317037,0.46467042160495
9.23425556758393,0.433798225399215
9.24236290346417,0.404114695246453
9.2504702393444,0.37569084002718
9.25857757522463,0.348595507840974
9.26668491110486,0.322852272446148
9.27479224698509,0.29854482993873
9.28289958286532,0.275779605698653
9.29100691874556,0.254610298243644
9.29911425462579,0.235088061067481
9.30722159050602,0.217261254463276
9.31532892638625,0.201175203857701
9.32343626226648,0.186871964174855
9.33154359814671,0.174390089867854
9.33965093402695,0.163764410480815
9.34775826990718,0.155025811914297
9.35586560578741,0.148201023939395
9.36397294166764,0.143312414913888
9.37208027754787,0.140377795071439
9.3801876134281,0.139414118933517
9.38829494930834,0.140426296710082
9.39640228518857,0.143413779615997
9.4045096210688,0.14837566437099
9.41261695694903,0.155305361584679
9.42072429282926,0.164190572568342
9.4288316287095,0.175013278520456
9.43693896458973,0.187749746910625
9.44504630046996,0.202370559270912
9.45315363635019,0.218840663948244
9.46126097223042,0.237119456678073
9.46936830811065,0.257160891112138
9.47747564399089,0.278913620682041
9.48558297987112,0.302321172415508
9.49369031575135,0.32732108679028
9.50179765163158,0.353847767876437
9.50990498751181,0.381831084129037
9.51801232339204,0.411196474668943
9.52611965927228,0.441865579354226
9.53422699515251,0.473756571180794
9.54233433103274,0.506784506956834
9.55044166691297,0.540861691664185
9.5585490027932,0.57589805170538
9.56665633867343,0.611801512117893
9.57476367455367,0.648478372820124
9.5828710104339,0.685833679038527
9.59097834631413,0.723771581250378
9.59908568219436,0.762195680257935
9.60719301807459,0.801009353382305
9.61530035395483,0.840115849633341
9.62340768983506,0.879416868143697
9.63151502571529,0.918816441100825
9.63962236159552,0.958219793369923
9.64772969747575,0.997533126520338
9.65583703335598,1.03666377357284
9.66394436923622,1.07552032344275
9.67205170511645,1.11401271583743
9.68015904099668,1.15205230816005
9.68826637687691,1.18955191672565
9.69637371275714,1.22642583529954
9.70448104863737,1.26258983461452
9.71258838451761,1.2979611471033
9.72069572039784,1.33245844158855
9.72880305627807,1.36600179309861
9.7369103921583,1.39851265331492
9.74501772803853,1.42991382739995
9.75312506391877,1.46012946309642
9.761232399799,1.48908505801995
9.76933973567923,1.51670749098046
9.77744707155946,1.54292508295308
9.78555440743969,1.56766769296424
9.79366174331992,1.59086685365334
9.80176907920016,1.61245595059915
9.80987641508039,1.63237044865214
9.81798375096062,1.65054816747558
9.82609108684085,1.66692960726093
9.83419842272108,1.68145832414216
9.84230575860131,1.69408135319198
9.85041309448155,1.70474967505433
9.85852043036178,1.71341872027879
9.86662776624201,1.72004890331744
9.87473510212224,1.72460617598642
9.88284243800247,1.72701875294638
9.8909497738827,1.72720127069435
9.89905710976294,1.72527799101262
9.90716444564317,1.72123500110381
9.9152717815234,1.71506866435492
9.92337911740363,1.70678542223919
9.93148645328386,1.69640163551865
9.93959378916409,1.68394341390191
9.94770112504433,1.66944639459732
9.95580846092456,1.65295544041006
9.96391579680479,1.63452423756496
9.97202313268502,1.61421478250933
9.98013046856525,1.59209675561381
9.98823780444548,1.56824678785893
9.99634514032572,1.54274763407778
10.0044524762059,1.5156872728595
10.0125598120862,1.48715795850762
10.0206671479664,1.45725525420923
10.0287744838466,1.42607707757101
10.0368818197269,1.39372278977109
10.0449891556071,1.36029235773123
10.0530964914873,1.32588561503563
10.0612038273676,1.29060164204916
10.0693111632478,1.25453827918265
10.077418499128,1.21777534706813
10.0855258350083,1.18035199904212
10.0936331708885,1.14237399834819
10.1017405067687,1.10394885695001
10.109847842649,1.06518070591358
10.1179551785292,1.02617047310907
10.1260625144094,0.987016110453538
10.1341698502897,0.947812856137317
