0,0.240655025945347,1.50861662832988,0
0.00810733588023172,-0.0341857527912471,1.49576647715613,-1.19014729424836
0.0162146717604634,0.0136026777670759,1.49765163695934,-1.24332980213568
0.0243220076406952,0.0469505753049017,1.49873589594192,-1.22722799166615
0.0324293435209269,0.070458207966935,1.49933158095754,-1.16304652213327
0.0405366794011586,0.0865222290531117,1.49963706724652,-1.07117849733744
0.0486440152813903,0.0967045887894388,1.49978915922748,-0.967208638477779
0.0567513511616221,0.102151196746101,1.499883516941,-0.861540994401254
0.0648586870418538,0.103761830200495,1.49998557890907,-0.760375573572504
0.0729660229220855,0.102272412380154,1.50013761786186,-0.666931649919024
0.0810733588023172,0.0983003425082581,1.50036385037169,-0.582495371698157
0.089180694682549,0.0923721604040691,1.50067439533055,-0.507191840399378
0.0972880305627807,0.0849419019049495,1.50106846260487,-0.440507575544599
0.105395366443012,0.076404131355371,1.50153697944317,-0.38162336177144
0.113502702323244,0.0671037016780075,1.50206478104567,-0.329615429908726
0.121610038203476,0.0573433653372141,1.50263245002628,-0.28357022434478
0.129717374083708,0.0473898869586204,1.5032178660146,-0.242644763731505
0.137824709963939,0.0374790549424497,1.50379751212608,-0.206093968256721
0.145932045844171,0.0277157366322883,1.50435091491827,-0.174121487232181
0.154039381724403,0.0183624552471406,1.50485283742319,-0.145577294353625
0.162146717604634,0.00968813476598629,1.50527786585979,-0.119175175221688
0.170254053484866,0.00181540357962551,1.50560677287224,-0.0947542147393862
0.178361389365098,-0.00514279778720866,1.50582288418973,-0.072180935990798
0.18646872524533,-0.011082724068459,1.50591245762283,-0.0513466963434695
0.194576061125561,-0.015909384157059,1.50586499051736,-0.0321649647121124
0.202683397005793,-0.0195361517919537,1.50567345823146,-0.014568608633694
0.210790732886025,-0.0218844270890522,1.50533448615384,0.0014927254135361
0.218898068766257,-0.0228833468911919,1.50484845775771,0.0160550867255387
0.227005404646488,-0.0224695409692113,1.50421956119335,0.0291425204758214
0.23511274052672,-0.0205869303002554,1.50345577696887,0.040769178778855
0.243220076406952,-0.0171865629778961,1.50256880935558,0.0509412386373779
0.251327412287183,-0.0122264827690936,1.50157396428171,0.0596586296004568
0.259434748167415,-0.00568181519222241,1.50049031092937,0.0668324806169308
0.267542084047647,0.00248321770710895,1.49933950760258,0.0725167124566113
0.275649419927879,0.0122947034777249,1.49814628813056,0.0767388625376258
0.28375675580811,0.023768119832873,1.49693816804725,0.0794930245982611
0.291864091688342,0.0369119102778664,1.49574497984451,0.0807698325317708
0.299971427568574,0.051727664755995,1.49459849258225,0.080558302643837
0.308078763448806,0.0682102766752103,1.49353200504652,0.0788473137809137
0.316186099329037,0.0863480873816019,1.49257991700599,0.0756267864459694
0.324293435209269,0.106123027516403,1.49177728333471,0.0708886125665652
0.332400771089501,0.12751076317016,1.49115935597179,0.0646273793412563
0.340508106969732,0.150480853314957,1.49076111886166,0.0568409234806132
0.348615442849964,0.174996923643103,1.49061682114914,0.0475307460721429
0.356722778730196,0.201016860663019,1.49075951398034,0.0367023131205662
0.364830114610428,0.228493028698623,1.49122059627557,0.0243652624348367
0.372937450490659,0.257372633800223,1.49202937530249,0.0105345471092255
0.381044786370891,0.287597048250897,1.49321264114016,-0.00477728816219705
0.389152122251123,0.319103664728231,1.49479427390663,-0.0215471593621286
0.397259458131354,0.351825588343019,1.49679488061557,-0.0397466092855465
0.405366794011586,0.385691824823653,1.4992314615419,-0.0593430791226261
0.413474129891818,0.420627633982639,1.5021171142639,-0.0802999909499957
0.42158146577205,0.456554898550248,1.50546077881517,-0.102576848136158
0.429688801652281,0.493392504222971,1.50926702699013,-0.126129352310382
0.437796137532513,0.531056726511934,1.51353589829136,-0.150909535717989
0.445903473412745,0.569461619816142,1.51826278442362,-0.17686590794135
0.454010809292977,0.608519404090184,1.52343836363587,-0.203943616107003
0.462118145173208,0.648140844525975,1.5290485856017,-0.232084617826611
0.47022548105344,0.688235619821173,1.53507470691883,-0.261227866234548
0.478332816933672,0.728712674858934,1.54149337671178,-0.291309506588509
0.486440152813903,0.769480553968128,1.54827677124609,-0.322263083992535
0.494547488694135,0.810447711362097,1.55539277591817,-0.354019761884026
0.502654824574367,0.851521776238634,1.56280515387107,-0.386517006759874
0.510762160454599,0.892611428321759,1.57047389915655,-0.419685401697335
0.51886949633483,0.933626442583683,1.57835554396995,-0.45345040413404
0.526976832215062,0.974477443902155,1.58640348137355,-0.487736265082019
0.535084168095294,1.01507606655437,1.59456834301183,-0.52246634225571
0.543191503975526,1.05533508399178,1.602798405517,-0.557563412952758
0.551298839855757,1.09516850942,1.61104002149746,-0.592949990370793
0.559406175735989,1.1344916685217,1.61923807086635,-0.628548645761932
0.567513511616221,1.17322124641583,1.62733642818521,-0.664282337732428
0.575620847496452,1.21127531163848,1.63527844166502,-0.700074749013475
0.583728183376684,1.248573320555,1.64300741947818,-0.735850630096892
0.591835519256916,1.28503610616405,1.65046711908492,-0.771536148192159
0.599942855137148,1.32058585572859,1.65760223536023,-0.807059238974534
0.608050191017379,1.35514608206016,1.66435888341696,-0.842349957523219
0.616157526897611,1.38864159358933,1.67068507215046,-0.877340823669711
0.624264862777843,1.42099846857113,1.67653116467583,-0.911967155678294
0.632372198658074,1.45214403889765,1.68185032198325,-0.946167384766103
0.640479534538306,1.48200688901601,1.686598926297,-0.979883341459946
0.648586870418538,1.51051687537572,1.69073698078392,-1.01306050322201
0.65669420629877,1.537605171649,1.6942284824156,-1.0456481912213
0.664801542179001,1.5632043446761,1.69704176494129,-1.07759970267279
0.672908878059233,1.58724846567758,1.69914980907589,-1.10887236393077
0.681016213939465,1.60967326073784,1.70053051714797,-1.13942748865352
0.689123549819697,1.63041630388961,1.70116694958875,-1.16923022502602
0.697230885699928,1.64941725530686,1.70104752077643,-1.19824927643041
0.70533822158016,1.66661814613258,1.70016615188663,-1.2264564812951
0.713445557460392,1.68196371032035,1.6985223785441,-1.25382624033836
0.721552893340623,1.695401762548,1.69612141123238,-1.28033478323549
0.729660229220855,1.70688361977053,1.69297414660718,-1.30595927202514
0.737767565101087,1.71636456232578,1.6890971280863,-1.33067674540696
0.745874900981319,1.72380432871409,1.68451245436978,-1.35446291645309
0.75398223686155,1.72916763627867,1.67924763489003,-1.37729084601861
0.762089572741782,1.73242471807165,1.67333539161963,-1.39912952500593
0.770196908622014,1.7334354867036,1.66680625289584,-1.42088572060006
0.778304244502246,1.73232134565081,1.65971167990245,-1.44139137505767
0.786411580382477,1.72906661963783,1.65209784249519,-1.46064092484219
0.794518916262709,1.72366484906092,1.64401493984066,-1.47860569590168
0.802626252142941,1.71611879162757,1.63551670852918,-1.4952362982821
0.810733588023172,1.70644045019501,1.62665989748076,-1.51046451161346
0.818840923903404,1.69465108433251,1.61750371252947,-1.52420496195681
0.826948259783636,1.68078117112487,1.60810923519319,-1.53635682864135
0.835055595663868,1.66487028810923,1.59853882157562,-1.54680576455596
0.843162931544099,1.64696689833859,1.58885548856719,-1.5554261618607
0.851270267424331,1.62712802459012,1.57912229547052,-1.56208384543651
0.859377603304563,1.60541880674867,1.56940172982899,-1.56663922788305
0.867484939184795,1.58191194333677,1.55975510654629,-1.56895091276308
0.875592275065026,1.55668702487424,1.55024198932532,-1.568879688134
0.883699610945258,1.52982977299707,1.54091964301919,-1.56629281183808
0.89180694682549,1.50143120476385,1.53184252469257,-1.56106845550426
0.899914282705721,1.47158674603241,1.52306182007946,-1.5531001477466
0.908021618585953,1.44039532092449,1.51462503076016,-1.54230104038852
0.916128954466185,1.40795844599557,1.50657561585178,-1.52860781596549
0.924236290346417,1.37437935765798,1.49895269041554,-1.51198406083689
0.932343626226648,1.33976219964835,1.49179078123371,-1.49242294574324
0.94045096210688,1.30421129398351,1.4851196392025,-1.46994908352096
0.948558297987112,1.26783051413416,1.4789641064098,-1.44461947011843
0.956665633867343,1.23072277338948,1.47334403508011,-1.41652345762011
0.964772969747575,1.19298963499855,1.46827425500921,-1.38578175384867
0.972880305627807,1.15470415751917,1.46376540041772,-1.35276086336201
0.980987641508039,1.11593543415496,1.45982359453374,-1.31787250870251
0.98909497738827,1.07679535831293,1.4564488145348,-1.28119285535188
0.997202313268502,1.03739159513163,1.45363616011482,-1.24283649423388
1.00530964914873,0.997828626250222,1.45137602483646,-1.20294436768538
1.01341698502897,0.958207895509615,1.44965432397452,-1.16167911479602
1.0215243209092,0.918627988661276,1.44845275137668,-1.11922035063258
1.02963165678943,0.879184834121463,1.44774906342735,-1.07575999633393
1.03773899266966,0.83997191159816,1.44751738841705,-1.03149777573289
1.04584632854989,0.801080456108889,1.44772855973422,-0.986636986086456
1.05395366443012,0.762599646330626,1.44835047129187,-0.941380636738706
1.06206100031036,0.724616768177253,1.44934845347524,-0.895928031426994
1.07016833619059,0.687217346772269,1.45068566765907,-0.850471848949156
1.07827567207082,0.650485242368249,1.45232351701701,-0.805195754556976
1.08638300795105,0.614502708075087,1.45422207095874,-0.760272552184021
1.09449034383128,0.579350409345735,1.45634050011691,-0.715862866750827
1.10259767971151,0.545107406920482,1.4586375183974,-0.672114327381857
1.11070501559175,0.511851106281936,1.46107182823458,-0.629161207199465
1.11881235147198,0.479657177596844,1.46360256488174,-0.587124463909275
1.12691968735221,0.448599450628765,1.46618973533654,-0.546112117838304
1.13502702323244,0.418749789237851,1.46879464736233,-0.506219900338932
1.14313435911267,0.390177949902236,1.47138032402523,-0.467532105209481
1.1512416949929,0.362951428274682,1.47391189922182,-0.430122578517196
1.15934903087314,0.337100012158061,1.47635959329061,-0.394347149076327
1.16745636675337,0.312702182845381,1.47869265034382,-0.360130247290216
1.1755637026336,0.289854963618593,1.48088188237129,-0.327212691896626
1.18367103851383,0.268611605232012,1.48290455124517,-0.295666251625142
1.19177837439406,0.249022719053252,1.48474155412389,-0.26555364895254
1.1998857102743,0.231136062134014,1.48637762122293,-0.236929700727714
1.20799304615453,0.214996322966698,1.48780147164122,-0.209842340440164
1.21610038203476,0.200644908023283,1.48900592534109,-0.184333516978114
1.22420771791499,0.188119729310487,1.48998796983693,-0.160439969058212
1.23231505379522,0.177454993396246,1.49074878061396,-0.138193878170628
1.24042238967545,0.1686809926521,1.49129369477036,-0.11762340583508
1.24852972555569,0.161823899794735,1.49163213785176,-0.0987531232131413
1.25663706143592,0.156905567175901,1.4917775043249,-0.0816043427126957
1.26474439731615,0.153943332640149,1.49174699261517,-0.0661953622171788
1.27285173319638,0.152954818361197,1.49156112794134,-0.0525003956630964
1.28095906907661,0.153941245216412,1.49124442213464,-0.0405862874776893
1.28906640495684,0.156904480764783,1.490824095709,-0.0304701802362262
1.29717374083708,0.161843114609693,1.49032999632457,-0.0221508088163238
1.30528107671731,0.168750146970198,1.48979435777045,-0.0156265746882171
1.31338841259754,0.177612949631711,1.48925140244767,-0.0108949821729534
1.32149574847777,0.18841324162345,1.48873691876919,-0.00795214841543112
1.329603084358,0.201127084123864,1.4882878177664,-0.00679237942362513
1.33771042023823,0.215724898523258,1.48794167351474,-0.00740780576714002
1.34581775611847,0.232171510954717,1.48773625226708,-0.00978807248466229
1.3539250919987,0.250426225942472,1.48770903540476,-0.0139200784921555
1.36203242787893,0.270442931117265,1.48789674147618,-0.019787761367149
1.37013976375916,0.292170234220557,1.48833485268634,-0.0273719238515741
1.37824709963939,0.315551632875745,1.48905715122272,-0.0366500987982585
1.38635443551962,0.340524772046343,1.49009527677121,-0.0476042658711695
1.39446177139986,0.367023992341861,1.49147827426086,-0.0602016388423
1.40256910728009,0.394979122697305,1.49323221562478,-0.0744067951839645
1.41067644316032,0.424315604020391,1.49537982440666,-0.090183052525368
1.41878377904055,0.454955081867917,1.49794013496435,-0.107490193071713
1.42689111492078,0.48681573823637,1.50092819290226,-0.126284543757013
1.43499845080102,0.51981264168616,1.50435479737441,-0.146519067987981
1.44310578668125,0.55385811121355,1.50822628827949,-0.168143469714567
1.45121312256148,0.588862089068255,1.51254438080876,-0.191104310338973
1.45932045844171,0.624732517595973,1.51730604921703,-0.215345138797229
1.46742779432194,0.661375715167393,1.52250346107902,-0.24080663500854
1.47553513020217,0.698696746339405,1.52812396267695,-0.267426766780636
1.48364246608241,0.736599781578876,1.53415011555234,-0.295140960178214
1.49174980196264,0.774988442160765,1.54055978365519,-0.323882283300015
1.49985713784287,0.81376612622453,1.54732626994679,-0.353581643362506
1.5079644737231,0.852835581368414,1.55441846461967,-0.384174055239345
1.51607180960333,0.892098783209339,1.56180104250416,-0.415602176711133
1.52417914548356,0.93146026744116,1.56943489110104,-0.447791003309718
1.5322864813638,0.970825253633947,1.57727733131114,-0.480665491430532
1.54039381724403,1.01009994127792,1.58528247113116,-0.514149938336776
1.54850115312426,1.04919166458725,1.59340158698911,-0.548168285525743
1.55660848900449,1.08800901687389,1.60158353389397,-0.58264442909241
1.56471582488472,1.12646194529593,1.60977518027163,-0.617502538044233
1.57282316076495,1.16446181756485,1.61792186323006,-0.652667380605184
1.58093049664519,1.20192146293876,1.62596785992213,-0.688064657634271
1.58903783252542,1.23875519052456,1.63385687064798,-0.723621341347165
1.59714516840565,1.27487878855121,1.64153250935641,-0.759266016541539
1.60525250428588,1.31020950885136,1.64893879725995,-0.794929220462182
1.61335984016611,1.34466604129069,1.6560206553646,-0.830543776282133
1.62146717604634,1.37816848330746,1.66272439182661,-0.866045113910343
1.62957451192658,1.41063831006014,1.66899818017852,-0.90137157046656
1.63768184780681,1.44199835092376,1.67479252460848,-0.936464661305844
1.64578918368704,1.47217277821585,1.68006070862475,-0.97126931096233
1.65389651956727,1.50108711406518,1.68475922358673,-1.00573403186888
1.6620038554475,1.52866826124994,1.68884817372862,-1.03981103727443
1.67011119132774,1.55484456361879,1.69229165444072,-1.07345627352805
1.67821852720797,1.57954590135542,1.69505810070201,-1.10662935595928
1.6863258630882,1.60270382584424,1.69712060267625,-1.13929339211478
1.69443319896843,1.62425173822742,1.69845718559316,-1.17141467629349
1.70254053484866,1.64412511489963,1.69905105113847,-1.20296224035178
1.71064787072889,1.66226178215346,1.69889077767677,-1.23390724783326
1.71875520660913,1.67860224095672,1.69797047673627,-1.26422222180974
1.72686254248936,1.69309004140835,1.69628990330411,-1.29388010157379
1.73496987836959,1.70567220478415,1.69385451762647,-1.32285312961969
1.74307721424982,1.71629968926138,1.69067549639391,-1.35111157823814
1.75118455013005,1.72492789342879,1.68676969143406,-1.37862233447259
1.75929188601028,1.73151718958844,1.68215953434893,-1.40534737295647
1.76739922189052,1.73603347670133,1.67687288593897,-1.43124215792712
1.77550655777075,1.73844874070181,1.6709428297655,-1.45625402797965
1.78361389365098,1.73857904291321,1.66439763611892,-1.48163428294993
1.79172122953121,1.73660612638802,1.65729260745996,-1.50572312316657
1.79982856541144,1.73251520770348,1.64967402253487,-1.52850217452633
1.80793590129167,1.72630197221328,1.64159220352054,-1.54992030449341
1.81604323717191,1.71797232563542,1.6331009917185,-1.56989806301521
1.82415057305214,1.70754219858126,1.62425719430566,-1.58833138511527
1.83225790893237,1.69503734984565,1.61512000491507,-1.60509495105889
1.8403652448126,1.68049312635333,1.60575040274068,-1.62004550375923
1.84847258069283,1.66395414846021,1.59621053648546,-1.63302533933377
1.85657991657306,1.6454738992873,1.58656310077024,-1.64386611156312
1.8646872524533,1.62511420617204,1.57687071355089,-1.65239302223434
1.87279458833353,1.60294461123646,1.56719530362045,-1.65842940616057
1.88090192421376,1.57904163643248,1.55759751737499,-1.66180166236801
1.88900926009399,1.55348795605507,1.54813615369323,-1.66234443265603
1.89711659597422,1.5263714963666,1.53886763503832,-1.65990588706131
1.90522393185446,1.49778448736313,1.52984552178106,-1.65435294441265
1.91333126773469,1.46782249556068,1.52112007534089,-1.64557623665988
1.92143860361492,1.43658346875567,1.51273787413934,-1.63349461901191
1.92954593949515,1.40416682387693,1.50474148467368,-1.61805903443695
1.93765327537538,1.37067260726671,1.49716918836507,-1.59925556025671
1.94576061125561,1.33620075310942,1.49005476333239,-1.57710749507859
1.95386794713585,1.30085046050522,1.48342731898865,-1.55167638409523
1.96197528301608,1.2647197032245,1.47731118042762,-1.52306192721109
1.97008261889631,1.22789464821133,1.47172606385045,-1.49148238632403
1.97818995477654,1.19040424128024,1.46668847705782,-1.45763370439565
1.98629729065677,1.15235835571607,1.46220840547551,-1.42158368293777
1.994404626537,1.11386463250648,1.45829075070211,-1.3834303212108
2.00251196241724,1.07502733277193,1.45493547687985,-1.34330707328514
2.01061929829747,1.03594751248035,1.45213776399398,-1.3013777061898
2.0187266341777,0.996723246931123,1.44988819148439,-1.25783092159341
2.02683397005793,0.957449890540511,1.44817295043309,-1.21287487088815
2.03494130593816,0.918220356089668,1.44697408299303,-1.16673170149586
2.04304864181839,0.879125397432926,1.44626974803684,-1.11963227188776
2.05115597769863,0.840253880579374,1.44603451218861,-1.071811164806
2.05926331357886,0.801693029861938,1.44623966543396,-1.02350211350054
2.06737064945909,0.76352863836025,1.44685356037774,-0.974933935779167
2.07547798533932,0.725845234592952,1.44784197394613,-0.926327046864581
2.08358532121955,0.688726200491537,1.44916848993506,-0.877890596134305
2.09169265709978,0.652253838584603,1.45079490032282,-0.829820246454559
2.09979999298002,0.616509388969553,1.45268162273291,-0.782296589567738
2.10790732886025,0.581572998886939,1.45478813089114,-0.735484168197335
2.11601466474048,0.547523649450698,1.45707339440979,-0.689531056248176
2.12412200062071,0.514439045286272,1.45949632378191,-0.644568933418421
2.13222933650094,0.482395473493876,1.46201621610683,-0.600713580063363
2.14033667238118,0.451467638529918,1.46459319681142,-0.558065712281009
2.14844400826141,0.421728479357358,1.46718865248881,-0.516712075650635
2.15655134414164,0.393248974645412,1.46976564994874,-0.476726718336927
2.16465868002187,0.366097940998282,1.47228933665708,-0.438172369700749
2.1727660159021,0.340299074535278,1.47473047723204,-0.401454530943139
2.18087335178233,0.31593596217833,1.47705800306023,-0.366455479138894
2.18898068766257,0.29311483695192,1.47924209286037,-0.332839929176055
2.1970880235428,0.271889387008962,1.48126001825513,-0.300675487407961
2.20519535942303,0.252310753885767,1.48309266976563,-0.270019957715728
2.21330269530326,0.234427284972305,1.48472475823294,-0.240922749210068
2.22141003118349,0.21828429237405,1.48614497396152,-0.21342612047428
2.22951736706372,0.203923817697088,1.48734610163561,-0.187566259154988
2.23762470294396,0.191384402407475,1.48832508954144,-0.163374200322775
2.24573203882419,0.180700863640251,1.48908307211513,-0.140876590789374
2.25383937470442,0.171904075643142,1.48962534532341,-0.120096309473921
2.26194671058465,0.165020757411346,1.48996129487156,-0.101052955996364
2.27005404646488,0.160073267476897,1.49010427771822,-0.083763221013594
2.27816138234511,0.157079407232777,1.4900714578598,-0.068241152496341
2.28626871822535,0.156056113250015,1.48988338898017,-0.0544662501266131
2.29437605410558,0.157008297454021,1.48956437771729,-0.0424744363545072
2.30248338998581,0.159935414387499,1.48914177260464,-0.0323024572998528
2.31059072586604,0.164836552358473,1.48864538848104,-0.0239445897716265
2.31869806174627,0.171705115377704,1.48810743458639,-0.0173955796469455
2.3268053976265,0.180528799681477,1.48756211566747,-0.0126499491467071
2.33491273350674,0.191289582669832,1.48704520816722,-0.00970139650902025
2.34302006938697,0.203963729079407,1.48659361577584,-0.00854227796381541
2.3511274052672,0.218521818595057,1.48624490894441,-0.00916316345341168
2.35923474114743,0.234928798449863,1.48603685323715,-0.0115524587613207
2.36734207702766,0.253144063869847,1.48600693161965,-0.0156960876827734
2.3754494129079,0.2731215684932,1.48619186594043,-0.0215772286558995
2.38355674878813,0.294809966142747,1.48662714295708,-0.0291761009184902
2.39166408466836,0.318152784566157,1.48734655028094,-0.0384697957967654
2.39977142054859,0.343087567435679,1.48838173436389,-0.0494409474070834
2.40787875642882,0.369548718997876,1.48976174489339,-0.0620560690348221
2.41598609230905,0.397466108323825,1.49151265952453,-0.0762792398504883
2.42409342818929,0.426765175925763,1.49365720794345,-0.0920736217518841
2.43220076406952,0.457367563147918,1.49621443060185,-0.109398879725764
2.44030809994975,0.489191444554924,1.49919937907045,-0.128211256627997
2.44841543582998,0.522151878595279,1.50262285827585,-0.148463660091981
2.45652277171021,0.556161171952899,1.50649121364185,-0.170105762302719
2.46463010759044,0.59112925278558,1.51080616559502,-0.193084113135315
2.47273744347068,0.626964047931741,1.51556469330393,-0.217342266968537
2.48084477935091,0.663571859150041,1.52075896891301,-0.242820923338165
2.48895211523114,0.700857733541123,1.52637634291597,-0.269458081483619
2.49705945111137,0.738725823485857,1.53239938070057,-0.297189208757883
2.5051667869916,0.777079731715899,1.53880594969676,-0.325947422808422
2.51327412287183,0.815822837504653,1.54556935598354,-0.355663687389315
2.52138145875207,0.854858387177935,1.55265851812327,-0.386268788744178
2.5294887946323,0.894088075404813,1.56003810451989,-0.417707620914916
2.53759613051253,0.93341595164118,1.56766898093708,-0.449909121700137
2.54570346639276,0.972747242255267,1.57550846945305,-0.482798107595315
2.55381080227299,1.01198815039652,1.5835106792023,-0.516298765281851
2.56191813815322,1.05104601074379,1.59162688766679,-0.550334955340469
2.57002547403346,1.08982941394689,1.59980595079356,-0.584830521935411
2.57813280991369,1.12824830152085,1.60799473781039,-0.61970960979521
2.58624014579392,1.16621403274563,1.61613858648224,-0.654896988790241
2.59434748167415,1.20363942587756,1.62418177447576,-0.690318385405613
2.60245481755438,1.24043877668286,1.63206800247343,-0.725900819401463
2.61056215343462,1.27652785794991,1.63974088469577,-0.761572942910678
2.61866948931485,1.31182390421658,1.64714444254597,-0.797265378118664
2.62677682519508,1.34624558645505,1.65422359717719,-0.832911048479604
2.63488416107531,1.37971298188214,1.66092465689485,-0.868445497136356
2.64299149695554,1.41214754440085,1.66719579543553,-0.903807184826454
2.65109883283577,1.443472081422,1.67298751730611,-0.938937758089663
2.65920616871601,1.47361074295644,1.67825310651471,-0.973782277076009
2.66731350459624,1.50248902889971,1.68294905517356,-1.00828939074142
2.67542084047647,1.53003382034469,1.68703546859931,-1.04241144578927
2.6835281763567,1.5561734405423,1.69047644367378,-1.07610451447425
2.69163551223693,1.58083775077646,1.69324041735687,-1.10932832546165
2.69974284811716,1.60395828591312,1.69530048236128,-1.14204608148752
2.7078501839974,1.62546843371286,1.69663466710715,-1.17422414777464
2.71595751987763,1.64530366114828,1.69722617717658,-1.20583159622218
2.72406485575786,1.66340178992907,1.69706359558738,-1.23683959250901
2.73217219163809,1.67970332220076,1.69614103931021,-1.2672206166266
2.74027952751832,1.69415181594197,1.69445826957234,-1.29694751215933
2.74838686339855,1.70669430794387,1.69202075363712,-1.32599236597644
2.75649419927879,1.71728178042659,1.68883967593406,-1.35432522793808
2.76460153515902,1.72586966535908,1.68493189665763,-1.38191268968709
2.77270887103925,1.73241837844375,1.68031985626836,-1.40871635240828
2.78081620691948,1.73689387256896,1.67503142473652,-1.43469122524186
2.78892354279971,1.73926819840397,1.66909969488047,-1.4597841083166
2.79703087867995,1.73935653160262,1.66255289013553,-1.48525334785426
2.80513821456018,1.73734190645957,1.6554463967144,-1.50942879367463
2.81324555044041,1.73320957995847,1.64782649640564,-1.532291749901
2.82135288632064,1.72695530195359,1.63974351451833,-1.55379057261433
2.82946022220087,1.71858506117521,1.63125129487409,-1.57384515703072
2.8375675580811,1.70811488477157,1.6224066459645,-1.59235068118603
2.84567489396134,1.69557063697879,1.61326876104413,-1.60918100387087
2.85378222984157,1.68098777466983,1.60389861685564,-1.62419201761593
2.8618895657218,1.66441102840772,1.59435835731216,-1.63722517318363
2.86999690160203,1.64589398766483,1.58471066976091,-1.64811131639416
2.87810423748226,1.6254985783237,1.57501816238098,-1.65667490898101
2.88621157336249,1.60329442952538,1.56534275179398,-1.66273864172033
2.89431890924273,1.57935813531638,1.55574507006346,-1.66612839062071
2.90242624512296,1.55377242419038,1.54628389992481,-1.66667841661565
2.91053358100319,1.52662525627579,1.53701564633892,-1.66423666756134
2.91864091688342,1.49800887330081,1.52799385134839,-1.65867001011519
2.92674825276365,1.46801883029726,1.51926875780618,-1.64986919975169
2.93485558864388,1.43675304005531,1.51088692594161,-1.63775339075452
2.94296292452412,1.40431086147189,1.50289090503927,-1.62227399479727
2.95107026040435,1.37079226111985,1.4953189608535,-1.60341771615923
2.95917759628458,1.33629707370753,1.48820485787986,-1.58120862237135
2.96728493216481,1.3009243818411,1.48157769435545,-1.55570914907127
2.97539226804504,1.26477202900824,1.47546178693689,-1.52701998442589
2.98349960392527,1.22791986807723,1.46987699422804,-1.495409683514
2.99160693980551,1.19040705121343,1.46483960353276,-1.46149269633269
2.99971427568574,1.15233931602771,1.46035967847771,-1.42536975078552
3.00782161156597,1.11382417926956,1.45644211994223,-1.38713980037954
3.0159289474462,1.07496577677024,1.45308689375326,-1.34693726092401
3.02403628332643,1.03586504109834,1.45028918376909,-1.30492684780394
3.03214361920667,0.996619928759597,1.44803957520783,-1.2612981783431
3.0402509550869,0.957325682385091,1.44632426650241,-1.21626026965995
3.04835829096713,0.918075112001958,1.44512530836692,-1.17003607024867
3.05646562684736,0.878958879339831,1.44442086907165,-1.12285716306502
3.06457296272759,0.840065770064425,1.44418552510794,-1.07495876976811
3.07268029860782,0.801482940652834,1.4443905764531,-1.0265751709739
3.08078763448805,0.763296129096675,1.44500438551742,-0.977935637248066
3.08889497036829,0.725589821484787,1.44599273857908,-0.929260941661767
3.09700230624852,0.688447369526133,1.44731922811471,-0.880760498730096
3.10510964212875,0.651951056998661,1.44894565394612,-0.832630148121195
3.11321697800898,0.616182115762429,1.45083244058873,-0.785050576224416
3.12132431388921,0.581220694214231,1.45293906764336,-0.738186345842717
3.12943164976945,0.54714578279663,1.45522450955919,-0.692185484981051
3.13753898564968,0.514035102368189,1.45764768064531,-0.647179570652278
3.14564632152991,0.481964961900342,1.46016788084501,-0.603284233173146
3.15375365741014,0.451010092134277,1.46274523753048,-0.560600000593054
3.16186099329037,0.421243461580741,1.4653411384324,-0.519213401408884
3.1699683291706,0.392736080667042,1.46791865079255,-0.479198246055501
3.17807566505084,0.365556799026967,1.4704429219106,-0.440617013146096
3.18618300093107,0.339729194651127,1.47288472697467,-0.4038761901233
3.1942903368113,0.315336963832852,1.4752129905946,-0.368857175856908
3.20239767269153,0.292486530706388,1.47739787833291,-0.335223129941845
3.21050500857176,0.271231595733805,1.47941666168219,-0.303041567133392
3.21861234445199,0.251623314335869,1.4812502307152,-0.272370186092818
3.22671968033223,0.233710048726638,1.4828832955805,-0.243258282332934
3.23482701621246,0.217537126256861,1.48430454571293,-0.215747996779416
3.24293435209269,0.203146603785191,1.48550676480862,-0.18987539884372
3.25104168797292,0.190577037715454,1.48648690009757,-0.16567140752252
3.25914902385315,0.179863259562896,1.48724608493334,-0.143162557803488
3.26725635973339,0.17103615722269,1.48778961420778,-0.122371622560427
3.27536369561362,0.164122462486098,1.48812687258544,-0.103318102201809
3.28347103149385,0.159144545757816,1.48827121603831,-0.0860185956679542
3.29157836737408,0.156120219345731,1.48823980764426,-0.070487067047384
3.29968570325431,0.155068314835763,1.48805309874455,-0.0566873478244757
3.30779303913454,0.155989410244134,1.48773563259115,-0.0446912147119576
3.31590037501478,0.158885587480044,1.48731461039091,-0.0345136879413072
3.32400771089501,0.163755902925015,1.48681984935857,-0.026149314693362
3.33211504677524,0.1705937364218,1.48628356048029,-0.0195930471966253
3.34022238265547,0.179386766115998,1.48573994976241,-0.0148395638481754
3.3483297185357,0.190116956051729,1.4852247945354,-0.0118826799607355
3.35643705441593,0.202760561276342,1.48477499909626,-0.0107148385582816
3.36454439029617,0.217288154605553,1.48442813429402,-0.0113266730928728
3.3726517261764,0.233664678555551,1.48422196593807,-0.0137066350966859
3.38075906205663,0.251849525263222,1.48419397712965,-0.0178406806908915
3.38886639793686,0.271796646495736,1.4843808897762,-0.0237120106056916
3.39697373381709,0.293454695104857,1.48481819064223,-0.0313008589680296
3.40508106969732,0.316767198521812,1.48553966731205,-0.0405843266189616
3.41318840557756,0.341671703443815,1.48657696617133,-0.0515450295905714
3.42129574145779,0.368102613042374,1.48795913688532,-0.0641494970252872
3.42940307733802,0.395989796027663,1.48971225705824,-0.0783618180823738
3.43751041321825,0.42525869356906,1.4918590563119,-0.0941451562613073
3.44561774909848,0.455830947754821,1.49441857503173,-0.111459177462566
3.45372508497871,0.487624733951878,1.4974058647217,-0.13026012500249
3.46183242085895,0.52055511144699,1.50083173024212,-0.150500906704274
3.46993975673918,0.554534387781102,1.50470251695145,-0.172131194812484
3.47804709261941,0.589472491974733,1.50901994521201,-0.195097539238185
3.48615442849964,0.625277351724926,1.5137809941292,-0.219343494452133
3.49426176437987,0.661855269637663,1.51897783578509,-0.244809760196393
3.50236910026011,0.699111293644479,1.52459782061151,-0.271434336072508
3.51047643614034,0.736949576937122,1.5306235139344,-0.299152689979955
3.51858377202057,0.775273723035792,1.53703278312157,-0.3278979403157
3.5266911079008,0.81398711197864,1.5437989341891,-0.357601051797476
3.53479844378103,0.852992987512878,1.55089088547121,-0.388192839354509
3.54290577966126,0.892193040145488,1.55827330501848,-0.41961823884981
3.5510131155415,0.931491330602339,1.56590705904221,-0.4518061020292
3.55912045142173,0.970793085385769,1.57374946954515,-0.484681251631258
3.56722778730196,1.0100045078124,1.58175464558002,-0.518167880322113
3.57533512318219,1.04903293276044,1.58987386454183,-0.552189854414356
3.58344245906242,1.08778695110828,1.59805598228641,-0.586671023573806
3.59154979494265,1.12617650462459,1.60624786794693,-0.621535537832761
3.59965713082289,1.16411295286342,1.61439485919103,-0.656708172204361
3.60776446670312,1.20150911437082,1.62244123358606,-0.6921146581927
3.61587180258335,1.23827928521403,1.63033069171375,-0.727682020487689
3.62397913846358,1.27433923848996,1.6380068476931,-0.763338916092527
3.63208647434381,1.30960620904944,1.64541372282557,-0.79901597202677
3.64019381022404,1.34399886817999,1.65249623816315,-0.83464611655812
3.64830114610428,1.37743729341517,1.6592007019113,-0.870164897629087
3.65640848198451,1.40984293897629,1.66547528770872,-0.905510780760094
3.66451581786474,1.44113861259555,1.67127049996742,-0.940625417243692
3.67262315374497,1.47124846461113,1.6765396226046,-0.975453871928092
3.6807304896252,1.50009799525619,1.68123914764674,-1.00994479837658
3.68883782550543,1.52761408597741,1.68532918033101,-1.04405054776055
3.69694516138567,1.55372506040324,1.68877381746727,-1.07772719660233
3.7050524972659,1.57836078022788,1.69154149595231,-1.11093447756074
3.71315983314613,1.60145278077109,1.69360530844573,-1.14363559700519
3.72126716902636,1.622934450303,1.69494328332579,-1.17579692333379
3.72937450490659,1.64274125637516,1.69553862614496,-1.20738753105481
3.73748184078682,1.66081102136034,1.6953799199044,-1.23837858777304
3.74558917666706,1.67708424816701,1.69446128157161,-1.26874257459979
3.75369651254729,1.69150449565267,1.69278247238424,-1.29845233530751
3.76180384842752,1.70401880161934,1.69034895962906,-1.32747995589771
3.76991118430775,1.71457814944537,1.68717192777105,-1.35579548418956
3.77801852018798,1.72313797241919,1.68326823705043,-1.38336550850652
3.78612585606822,1.72965868773575,1.67866032798128,-1.4101516253495
3.79423319194845,1.73410624995766,1.67337607059203,-1.43610883774996
3.80234052782868,1.73645271161476,1.66744855775976,-1.46118393827565
3.81044786370891,1.73651323355842,1.66090601198869,-1.48663539853782
3.81855519958914,1.73447087344445,1.65380382086122,-1.51079288877979
3.82666253546937,1.73031088967901,1.64618826611195,-1.53363770941479
3.83476987134961,1.72402903395719,1.63810967299651,-1.55511820950996
3.84287720722984,1.71563129717028,1.62962188527126,-1.57515427477763
3.85098454311007,1.70513370886005,1.62078171134026,-1.59364107198283
3.8590918789903,1.69256213580741,1.61164834433969,-1.61045244754271
3.86719921487053,1.67795203750417,1.60228276085632,-1.6254442811373
3.87530655075076,1.6613481471316,1.59274710460525,-1.63845801079732
3.883413886631,1.64280405670754,1.58310406269097,-1.64932447029805
3.89152122251123,1.62238169451802,1.57341624300488,-1.65786811054957
3.89962855839146,1.60015069190047,1.56374556183788,-1.66391161321779
3.90773589427169,1.57618764483127,1.55415265088389,-1.66728084735075
3.91584323015192,1.55057528341571,1.54469629247601,-1.66781006943907
3.92395056603215,1.52340156903307,1.5354328911481,-1.6653472257003
3.93205790191239,1.49475874427063,1.52641598850041,-1.65975918415242
3.94016523779262,1.46474236460892,1.51769582693852,-1.65093670472528
3.94827257367285,1.43345034287161,1.50931896625014,-1.63879894924614
3.95637990955308,1.40098203758312,1.50132795529463,-1.62329733991239
3.96448724543331,1.36743741456087,1.49376105942737,-1.60441859430402
3.97259458131354,1.33291630741093,1.48665204277996,-1.58218679574056
3.98070191719378,1.29751779733786,1.48003000326761,-1.5566643977746
3.98880925307401,1.26133972618539,1.47391925727212,-1.52795210819644
3.99691658895424,1.22446191828709,1.4683396638152,-1.496318715677
4.00502392483447,1.18692352812705,1.46330751020609,-1.46237865741537
4.0131312607147,1.14883031953464,1.45883285929641,-1.42623245902254
4.02123859659494,1.11028980735413,1.45492061180752,-1.38797909590045
4.02934593247517,1.07140612554687,1.45157073345312,-1.34775300544576
4.0374532683554,1.03228020489063,1.44877840801839,-1.3057189240193
4.04556060423563,0.993010000220127,1.44653422068287,-1.26206648902457
4.05366794011586,0.95369075265152,1.44482436986918,-1.21700473650871
4.06177527599609,0.914415270883335,1.4436309063025,-1.17075663252644
4.06988261187633,0.875274215526418,1.4429319982788,-1.12355377605239
4.07798994775656,0.83635637135382,1.44270222232292,-1.07563140309625
4.08609728363679,0.797748894185035,1.4429128784473,-1.02722380687815
4.09420461951702,0.759537521591107,1.44353232909335,-0.978560268790905
4.10231195539725,0.721806739472871,1.44452636056159,-0.929861570970323
4.11041929127748,0.68463989957373,1.44585856533826,-0.881337135289116
4.11852662715772,0.648119285913745,1.44749074323916,-0.833182807157172
4.12663396303795,0.612326130784358,1.44938331875602,-0.785579277210334
4.13474129891818,0.577340583182009,1.4514957714471,-0.738691111146153
4.14284863479841,0.543241634294614,1.4537870756998,-0.692666338671521
4.15095597067864,0.510107005848616,1.45621614574252,-0.647636537477035
4.15906330655887,0.478013007782831,1.45874228141982,-0.603717337704312
4.16717064243911,0.447034371883209,1.46132560998837,-0.561009266543481
4.17527797831934,0.41724406776193,1.46392751904824,-0.519598851109421
4.18338531419957,0.388713106985484,1.4665110756972,-0.479559900082483
4.1914926500798,0.361510340347781,1.46904142707955,-0.440954890085213
4.19959998596003,0.335659344358707,1.47148934841431,-0.404190328160493
4.20770732184026,0.311243817800996,1.47382376403866,-0.369147600223033
4.2158146577205,0.288370188723646,1.47601483913017,-0.335489841085505
4.22392199360073,0.267092158379263,1.47803984502286,-0.303284566274983
4.23202932948096,0.247460883004119,1.47987967162443,-0.272589474986804
4.24013666536119,0.22952472564156,1.48151902891329,-0.243453863122009
4.24824400124142,0.213329014476306,1.48294660615012,-0.215919871924263
4.25635133712166,0.198915807198381,1.48415518685402,-0.190023571113683
4.26445867300189,0.186323661034717,1.48514171807586,-0.165795880034129
4.27256600888212,0.175587408311147,1.48590733298882,-0.143263334095399
4.28067334476235,0.166737937717807,1.48645732630361,-0.122448706694986
4.28878068064258,0.159801981823227,1.48680108250346,-0.10337149888489
4.29688801652281,0.154801911790391,1.48695195737913,-0.0860483103801833
4.30499535240305,0.151755540665889,1.48692711382762,-0.070493106181097
4.31310268828328,0.15068170101148,1.48674700299607,-0.05666971670186
4.32121002416351,0.151580971201648,1.48643616797627,-0.0446499226586518
4.32931736004374,0.154455433785484,1.48602180979738,-0.034448745938963
4.33742469592397,0.1593041458631,1.48553374549214,-0.0260607347059234
4.3455320318042,0.166120487962424,1.48500418586662,-0.0194808424219906
4.35363936768444,0.174892138885659,1.48446733674845,-0.014703748929683
4.36174670356467,0.185601063309165,1.48395897529049,-0.0117232711640854
4.3698540394449,0.198223516891698,1.48351600561287,-0.0105318539187917
4.37796137532513,0.212730073042568,1.4831759983882,-0.0111201325373688
4.38606871120536,0.229085674856345,1.48297671924971,-0.0134765605437905
4.39417604708559,0.247249715035235,1.48295565112246,-0.0175870961329595
4.40228338296583,0.267176145900496,1.48314951573759,-0.0234349421752275
4.41039071884606,0.288813620848304,1.48359379968299,-0.03100033499104
4.41849805472629,0.312105667845881,1.48432229036595,-0.040260377657333
4.42660539060652,0.336989834081482,1.48536663399486,-0.0511976887862247
4.43471272648675,0.363400523266141,1.48675588005639,-0.0637787996715848
4.44282006236698,0.391267604639275,1.48851610597577,-0.0779678016807489
4.45092739824722,0.420516519883464,1.49067004119531,-0.093727860625381
4.45903473412745,0.451068911595673,1.49323672592026,-0.111018644726301
4.46714207000768,0.482842955647245,1.4962312114737,-0.129796399626377
4.47524940588791,0.51575371182525,1.49966430253431,-0.150014035479735
4.48335674176814,0.549713488166961,1.50354234427819,-0.171621226864633
4.49146407764838,0.584632214185415,1.50786705688459,-0.194564526027161
4.49957141352861,0.620417818066454,1.51263541927502,-0.218787489773129
4.50767874940884,0.656976602901246,1.51783960334696,-0.244230820178559
4.51578608528907,0.694213617102978,1.52346695934684,-0.270832519176849
4.5238934211693,0.732033014341583,1.52950005241449,-0.298528056996381
4.53200075704953,0.77033839861201,1.5359167497308,-0.327250554359304
4.54010809292977,0.809033150423796,1.5426903571242,-0.356930978304198
4.54821542881,0.848020514071788,1.54978979274445,-0.3875001454165
4.55632276469023,0.887202180638017,1.55717972445951,-0.418902992954949
4.56443010057046,0.92648221104887,1.56482101827799,-0.451068377131902
4.57253743645069,0.96576583227364,1.5726709960118,-0.483921122910666
4.58064477233092,1.00495924809153,1.58068376652221,-0.517385425184137
4.58875210821116,1.04396979383897,1.58881060701209,-0.551385152493616
4.59685944409139,1.08270606084814,1.59700037314449,-0.585844156735125
4.60496677997162,1.1210779913372,1.60519993385911,-0.62068659017196
4.61307411585185,1.15899694530539,1.61335462662948,-0.655837230048269
4.62118145173208,1.19637574173974,1.62140872882813,-0.69122181009826
4.62928878761231,1.23312867714435,1.62930594084132,-0.726767357240136
4.63739612349255,1.2691715250489,1.63698987659194,-0.762402530702643
4.64550345937278,1.30442152073298,1.64440455718469,-0.798057959727165
4.65361079525301,1.33879733590899,1.65149490347414,-0.833666574798556
4.66171813113324,1.37221904853153,1.65820722346774,-0.869163926070793
4.66982546701347,1.40460811323918,1.66448969060559,-0.904488481269022
4.67793280289371,1.4358873381778,1.67029280910048,-0.93958189388267
4.68604013877394,1.46598087409565,1.67556986266991,-0.974389230947745
4.69414747465417,1.49481422163258,1.68027734314007,-1.00885914820494
4.7022548105344,1.52231426263869,1.68437535554736,-1.0429439989912
4.71036214641463,1.5484093211427,1.68782799650042,-1.07659986198095
4.71846948229486,1.5730292592362,1.69060370269435,-1.10978647196987
4.7265768181751,1.59610561263358,1.69267556658665,-1.1424670374471
4.73468415405533,1.61757176999711,1.69402161635311,-1.1746079289112
4.74279148993556,1.6373631992682,1.69462505734334,-1.20617822294944
4.75089882581579,1.65541772320752,1.69447447235529,-1.23714908922173
4.75900616169602,1.6716758451097,1.69356397815295,-1.26749301086827
4.76711349757625,1.68608112421696,1.6918933357701,-1.2971828336616
4.77522083345649,1.69858059871489,1.68946801228932,-1.3261906455722
4.78332816933672,1.7091252523645,1.68629919197108,-1.35448649635475
4.79143550521695,1.71767051883622,1.6824037348507,-1.38203697623269
4.79954284109718,1.72417681570654,1.67780408123696,-1.40880368356968
4.80765017697741,1.7286100979193,1.67252810095256,-1.43474162322143
4.81575751285764,1.73089858326671,1.66660613270282,-1.46015222553892
4.82386484873788,1.73095691138089,1.6600727356997,-1.48548882779682
4.83197218461811,1.72890934717781,1.65297947275288,-1.50955726848429
4.84007952049834,1.7247419809989,1.64537269367582,-1.53233204717409
4.84818685637857,1.71845117937247,1.63730277308249,-1.55375649556668
4.8562941922588,1.71004338691545,1.62882359034014,-1.5737468032995
4.86440152813903,1.6995349675358,1.61999197941154,-1.59219541842552
4.87250886401927,1.68695203409024,1.61086715167336,-1.6089741905105
4.8806161998995,1.67233022693722,1.60151009664839,-1.62393753474284
4.88872353577973,1.65571441203407,1.59198296716036,-1.63692581669602
4.89683087165996,1.63715827875968,1.58234845667335,-1.64776908597315
4.90493820754019,1.61672382671723,1.5726691774734,-1.65629122100694
4.91304554342042,1.59448073943503,1.56300704884828,-1.66231448622437
4.92115287930066,1.57050565105294,1.55342270449981,-1.66566444711844
4.92926021518089,1.54488131956506,1.54397492807285,-1.66617513976655
4.93736755106112,1.51769572672308,1.53472012492607,-1.66369435069822
4.94547488694135,1.48904112999458,1.52571183714579,-1.65808883253837
4.95358222282158,1.45901309573207,1.51700030738987,-1.64924926209248
4.96168955870182,1.42770954470904,1.50863209553799,-1.63709474154064
4.96979689458205,1.39522984127165,1.50064975043259,-1.62157665049173
4.97790423046228,1.36167395551088,1.49309153733889,-1.60268167631526
4.98601156634251,1.32714172418118,1.48599122024966,-1.58043388108885
4.99411890222274,1.29173223081866,1.47937789690935,-1.55489570361092
5.00222623810297,1.25554331900626,1.47327588350851,-1.52616784160182
5.01033357398321,1.21865481255713,1.46770503890854,-1.49451909163143
5.01844090986344,1.18110586798004,1.4626816501983,-1.46056387846627
5.02654824574367,1.14300225168405,1.45821577996461,-1.42440271080201
5.0346555816239,1.10445147880741,1.45431232870958,-1.38613456529512
5.04276291750413,1.06555768359113,1.45097126192723,-1.34589388066202
5.05087025338436,1.02642179708067,1.44818776318285,-1.30384539463038
5.0589775892646,0.987141774368585,1.44595241743582,-1.26017874600143
5.06708492514483,0.947812856820786,1.44425142288837,-1.21510297223678
5.07519226102506,0.908527853379098,1.44306683004501,-1.16884104081019
5.08329959690529,0.869377424892445,1.44237680698071,-1.12162455210963
5.09140693278552,0.830450356367803,1.44215592999899,-1.07368874354399
5.09951426866575,0.791833803855232,1.44237549889048,-1.02526790971176
5.10762160454599,0.75361350515359,1.44300387587434,-0.976591333358105
5.11572894042622,0.715873946389147,1.44400684702827,-0.927879797941481
5.12383627630645,0.678698479528621,1.44534800461516,-0.879342726625155
5.13194361218668,0.642169388813329,1.4469891482268,-0.831175966076119
5.14005094806691,0.6063679067539,1.44889070213032,-0.783560208153525
5.14815828394714,0.571374182563778,1.45101214565874,-0.736660019744803
5.15626561982738,0.537267207645508,1.45331245297361,-0.690623431714233
5.16437295570761,0.504124703937571,1.45575053807683,-0.645582022878709
5.17248029158784,0.472022981587976,1.45828570058592,-0.601651424476681
5.18058762746807,0.441036772588766,1.46087806752991,-0.558932164767463
5.1886949633483,0.411239046754853,1.46348902628074,-0.517510771909283
5.19680229922854,0.382700815851868,1.46608164370756,-0.477461055601795
5.20490963510877,0.355490930869042,1.46862106672557,-0.438845493464431
5.213016970989,0.329632968459638,1.47107807032785,-0.402070593909207
5.22112430686923,0.305210627617803,1.47342157861989,-0.367017743609155
5.22923164274946,0.282330336625489,1.47562175654532,-0.333350077903293
5.23733897862969,0.261045796907652,1.4776558752081,-0.301135113287827
5.24544631450993,0.241408164869469,1.47950482428553,-0.270430549901737
5.25355365039016,0.223465803719563,1.48115331352528,-0.241285684565639
5.26166098627039,0.20726404180414,1.48259003195704,-0.213742659419871
5.26976832215062,0.192844936970799,1.4838077628686,-0.187837545059238
5.27787565803085,0.180247046600047,1.48480345307932,-0.163601261680989
5.28598299391108,0.169505203167201,1.48557823553063,-0.141060345527528
5.29409032979132,0.160650295507759,1.48613740470127,-0.120237570808504
5.30219766567155,0.153709056331446,1.48649034484228,-0.101152439367832
5.31030500155178,0.148703856938247,1.48665041151212,-0.0838215516923515
5.31841233743201,0.145652510507556,1.48663476737523,-0.0682588735339085
5.32651967331224,0.144573849734279,1.48646386334583,-0.054428236000583
5.33462700919247,0.14546845311126,1.48616224228319,-0.0424014205695048
5.34273434507271,0.148338403307081,1.48575710498351,-0.032193449824656
5.35084168095294,0.153182757538888,1.48527826824629,-0.023798872590814
5.35894901683317,0.159994896447189,1.48475794264427,-0.01721264297355
5.3670563527134,0.168762498942388,1.48423033377162,-0.0124294414391748
5.37516368859363,0.17946752980478,1.4837312185476,-0.00944308552657153
5.38327102447387,0.192086244792797,1.48329750085865,-0.00824602061253726
5.3913783603541,0.206589217411261,1.48296675114354,-0.00882888260275025
5.39948569623433,0.222941390846106,1.48277673480155,-0.0111801255617525
5.40759303211456,0.241102157886818,1.48276493452365,-0.0152857082031065
5.41570036799479,0.261025470937847,1.48296807180682,-0.0211288338935772
5.42380770387502,0.282659983474533,1.48342163300462,-0.0286897394275101
5.43191503975526,0.30594922353923,1.48415940528995,-0.0379455283329823
5.44002237563549,0.330830738390662,1.48521303463668,-0.0488788196557537
5.44812971151572,0.3572389318073,1.48661157029685,-0.0614561450922193
5.45623704739595,0.385103673091949,1.48838108946098,-0.0756415963896159
5.46434438327618,0.414350403986402,1.49054432133658,-0.0913983397176766
5.47245171915641,0.444900767142884,1.493120305894,-0.108686043631748
5.48055905503665,0.476672938484049,1.49612409422136,-0.127460954085621
5.48866639091688,0.50958197784429,1.49956649076229,-0.147675981520655
5.49677372679711,0.543540193304285,1.50345384045779,-0.16928080077864
5.50488106267734,0.578457514416503,1.50778786325192,-0.192221964345419
5.51298839855757,0.614241869402268,1.51256553783098,-0.216443029242741
5.5210957344378,0.650799561384277,1.51777903585716,-0.241884697738711
5.52920307031804,0.688035638803299,1.52341570734157,-0.268484971934934
5.53731040619827,0.725854255352906,1.52945811718866,-0.296179322204086
5.5454177420785,0.764159015047725,1.53588413234395,-0.324900869388671
5.55352507795873,0.802853298413032,1.54266705840042,-0.354580580623673
5.56163241383896,0.841840349756856,1.54977581327245,-0.385149272555405
5.56973974971919,0.881021860170994,1.55717506459268,-0.416551882475014
5.57784708559943,0.920301890581162,1.56482567813399,-0.448717266657201
5.58595442147966,0.959585667956747,1.57268497547284,-0.48157025006444
5.59406175735989,0.998779396073092,1.580707065235,-0.515035027564953
5.60216909324012,1.03779041025878,1.58884322438789,-0.549035467651519
5.61027642912035,1.07652730183421,1.5970423083591,-0.583495422147805
5.61838376500059,1.11490001300177,1.60525118585291,-0.618339043220904
5.62649110088082,1.15281990374098,1.61341519410744,-0.653491107994926
5.63459843676105,1.19019979301518,1.62147861025985,-0.688877350060192
5.64270577264128,1.22695397730084,1.62938513446107,-0.72442479616718
5.65081310852151,1.26299823009601,1.63707838039871,-0.760062105353082
5.65892044440174,1.29824978664476,1.64450236894223,-0.79571990664389
5.66702778028198,1.33262731861996,1.65160202071101,-0.831331130285254
5.67513511616221,1.36605090393277,1.6583236434774,-0.866831326168132
5.68324245204244,1.39844199717436,1.66461541044643,-0.902158961730866
5.69134978792267,1.42972340643924,1.67042782559595,-0.937255690152277
5.6994571238029,1.45981928242039,1.67571417240854,-0.972066578134015
5.70756445968313,1.48865512569846,1.68043094247561,-1.00654028105865
5.71567179556337,1.51615781806037,1.68453824059884,-1.04062915188127
5.7237791314436,1.54225568346777,1.68800016315228,-1.0742892688707
5.73188646732383,1.56687858394125,1.6907851465965,-1.10748036639334
5.73999380320406,1.58995805512027,1.69286628315462,-1.14016565248532
5.74810113908429,1.61142748558829,1.69422160076818,-1.17231149716853
5.75620847496452,1.63122234320397,1.69483430455263,-1.20388697652987
5.76431581084476,1.64928045064137,1.69469297707193,-1.23486325970527
5.77242314672499,1.66554231110456,1.69379173485616,-1.26521282928723
5.78053048260522,1.67995148374139,1.69213033870541,-1.29490853047704
5.78863781848545,1.69245500663915,1.68971425546867,-1.32392245065028
5.79674515436568,1.70300386345671,1.68655466917298,-1.35222463894315
5.80485249024591,1.71155348775849,1.68266843962039,-1.37978168493705
5.81295982612615,1.71806429701111,1.6780780068866,-1.4065551863301
5.82106716200638,1.72250224604468,1.67281124056136,-1.43250014728898
5.82917449788661,1.72479555253246,1.66689847911718,-1.45791799746346
5.83728183376684,1.72485885598327,1.66037428153333,-1.48326207340754
5.84538916964707,1.72281642119232,1.6532902103874,-1.50733821281539
5.85349650552731,1.71865433837167,1.64569261526061,-1.53012091447983
5.86160384140754,1.71236897391654,1.6376318705349,-1.55155350929776
5.86971117728777,1.70396677230693,1.62916185534573,-1.57155218607975
5.877818513168,1.69346409731006,1.62033940342421,-1.59000939202894
5.88592584904823,1.68088706163805,1.61122372591562,-1.60679697583848
5.89403318492846,1.66627130550098,1.60187581211155,-1.62176935180172
5.9021405208087,1.64966169470386,1.59235781460472,-1.6347668845749
5.91024785668893,1.63111191846937,1.58273242662847,-1.64561962282197
5.91835519256916,1.61068397624062,1.57306226023827,-1.65415144401477
5.92646252844939,1.58844755138189,1.5634092344916,-1.66018461159799
5.93456986432962,1.56447927786509,1.5538339828602,-1.66354469006117
5.94267720020985,1.5388619135124,1.54439528875913,-1.66406571445717
5.95078453609009,1.51168343989968,1.53514955731745,-1.66159547027024
5.95889187197032,1.48303611431467,1.52615033039222,-1.65600070905937
5.96699920785055,1.45301550292612,1.51744785041225,-1.64717210654358
5.97510654373078,1.42171952631977,1.50908867702846,-1.63502876379613
5.98321387961101,1.3892475486501,1.50111535885485,-1.61952205929872
5.99132121549124,1.35569953981244,1.49356616092849,-1.60063867927342
5.99942855137148,1.32117533636172,1.48647484701427,-1.57840268463022
6.00753588725171,1.28577402163058,1.47987051462914,-1.55287651297963
6.01564322313194,1.24959343899462,1.47377747973641,-1.52416086083384
6.02375055901217,1.21271341204775,1.46821560097082,-1.49252452359863
6.0318578948924,1.17517309708499,1.46320116519472,-1.45858192478142
6.03996523077264,1.13707826030507,1.45874423476854,-1.42243357174124
6.04807256665287,1.09853641662369,1.45484970996849,-1.38417843984537
6.0561799025331,1.05965170005546,1.45151755606309,-1.34395096650082
6.06428723841333,1.02052504141573,1.44874295639244,-1.3019158881057
6.07239457429356,0.981254395563218,1.4465164956911,-1.25826284211154
6.08050191017379,0.941935003626266,1.44482437193685,-1.2132008646102
6.08860924605403,0.902659674305423,1.44364863541011,-1.16695292168571
6.09671658193426,0.863519068204673,1.44296745396215,-1.11975061231643
6.10482391781449,0.824601970082348,1.44275540367313,-1.07182917248181
6.11293125369472,0.785995535736213,1.44298378411074,-1.02342289533126
6.12103858957495,0.747785502709163,1.44362095727152,-0.974761062141311
6.12914592545518,0.710056356867855,1.44463270901102,-0.926064454882444
6.13725326133541,0.672891449915731,1.44598263137029,-0.877542495210696
6.14536059721565,0.636373065827189,1.44763252371972,-0.829391028266825
6.15346793309588,0.600582436842292,1.44954281010545,-0.781790744364902
6.16157526897611,0.565599711900261,1.45167296963986,-0.734906208828629
6.16968260485634,0.531503882125776,1.45398197626433,-0.68888545094013
6.17778994073657,0.498372669175803,1.45642874376099,-0.64386004791592
6.18589727661681,0.466282382913184,1.45897257152797,-0.599945629376053
6.19400461249704,0.435307755041153,1.46157358637541,-0.55724272194366
6.20211194837727,0.405521755082161,1.46419317545673,-0.515837852123197
6.2102192842575,0.376995394505736,1.46679440542305,-0.475804827943179
6.21832662013773,0.349797524001362,1.46934242297194,-0.437206125334742
6.22643395601796,0.323951719918117,1.47180800287939,-0.400448251011198
6.2345412918982,0.299541680943528,1.47416006903418,-0.36541258992031
6.24264862777843,0.276673835049729,1.47636878616364,-0.331762275655688
6.25075596365866,0.255401883347297,1.47841142515598,-0.299564822959449
6.25886329953889,0.235776981923433,1.48026887547321,-0.268877930200179
6.26697063541912,0.217847493665178,1.48192584664821,-0.23975089241203
6.27507797129936,0.201658746593565,1.48337102749635,-0.212225849932995
6.28318530717959,0.187252798227441,1.48459720109163,-0.186338871539846
6.29129264305982,0.174668205614971,1.48560131404006,-0.162120875596324
6.29939997894005,0.163939800895563,1.48638449907026,-0.13959839649604
6.30750731482028,0.155098472565242,1.48695205044867,-0.118794206584755
6.31561465070051,0.148170952990696,1.48731335221455,-0.0997278058276061
6.32372198658075,0.143179613125331,1.48748175971506,-0.0824157928179469
6.33182932246098,0.140142265798414,1.48747443540393,-0.0668721313996288
6.33993665834121,0.139077743351279,1.48731182998514,-0.053060650757782
6.34804399422144,0.139986623919486,1.48701848610828,-0.0410531304339522
6.35615133010167,0.142870989810918,1.48662160436042,-0.0308645910618609
6.3642586659819,0.147729897878544,1.4861510013325,-0.022489579502051
6.37236600186214,0.154556728395184,1.48563888738918,-0.0159230478823597
6.38047333774237,0.163339159900094,1.48511946791717,-0.0111596746780613
6.3885806736226,0.174059156798913,1.48462851962882,-0.00819327542387746
6.39668800950283,0.186692974471963,1.48420294620421,-0.00701629347952291
6.40479534538306,0.201211186042501,1.48388031787633,-0.00761936272086454
6.41290268126329,0.217578734311442,1.48369839983928,-0.00999093517010343
6.42101001714353,0.235755011679823,1.48369467457942,-0.014116967486133
6.42911735302376,0.255693970160216,1.48390586338968,-0.0199806609689232
6.43722468890399,0.277344262832666,1.48436745242021,-0.0275622503341038
6.44533202478422,0.300649417340837,1.48511322864106,-0.0368388370193248
6.45343936066445,0.325546980541328,1.48617483782388,-0.0477930379684981
6.46154669654468,0.351971355807166,1.4875813290191,-0.0603913827647573
6.46965403242492,0.379852412032291,1.48935877921622,-0.0745979610309876
6.47776136830515,0.409115590546286,1.49152991742237,-0.0903759368017365
6.48586870418538,0.439682533585811,1.49411378340813,-0.107684976486508
6.49397604006561,0.471471416654609,1.4971254280625,-0.126481323882809
6.50208337594584,0.504397299164833,1.5005756556306,-0.146717887265495
6.51019071182607,0.538372488771602,1.50447081085558,-0.168344339299849
6.51829804770631,0.573306914598512,1.50881261348428,-0.191307230285419
6.52640538358654,0.609108504434715,1.51359804200643,-0.215550115048095
6.53451271946677,0.645683560967458,1.51881926788831,-0.241013693650796
6.542620055347,0.682937132198765,1.52446364094578,-0.267635965980799
6.55072739122723,0.72077337138021,1.5305137258887,-0.295352400187574
6.55883472710747,0.759095882081166,1.53694738946866,-0.324096114881741
6.5669420629877,0.797808044378403,1.54373793708541,-0.353798074957953
6.57504939886793,0.836813102128238,1.55085428646076,-0.384389094813772
6.58315673474816,0.876012745967566,1.55826110503545,-0.415814109483543
6.59126407062839,0.915311036363843,1.56591925839119,-0.448001972978304
6.59937140650862,0.954613199825113,1.57378606791392,-0.480877507988676
6.60747874238886,0.993825439662165,1.58181564203961,-0.514364907103709
6.61558607826909,1.03285509073587,1.58995925754657,-0.548388036529949
6.62369341414932,1.07161074389573,1.59816576967401,-0.582870745797984
6.63180075002955,1.11000234087013,1.60638204693853,-0.617737184775221
6.63990808590978,1.14794124116139,1.61455342639128,-0.652912128279698
6.64801542179001,1.18534026325257,1.62262418498317,-0.688321307589527
6.65612275767025,1.22211370313671,1.63053802267964,-0.723891747137061
6.66423009355048,1.25817733382537,1.63823855298348,-0.759552103635694
6.67233742943071,1.29344839007298,1.64566979658013,-0.79523300378218
6.68044476531094,1.32784554305977,1.65277667390566,-0.830867375487709
6.68855210119117,1.36128887020111,1.65950549254984,-0.866390766303821
6.6966594370714,1.39369982558939,1.66580442553592,-0.901741641324698
6.70476677295164,1.42500121681729,1.67162397666067,-0.936861651380505
6.71287410883187,1.45511719407289,1.67691742922637,-0.971695860819969
6.7209814447121,1.48397325742898,1.68164127464489,-1.00619292266871
6.72908878059233,1.51149628816158,1.68575561753917,-1.0403051875211
6.73719611647256,1.53761460971849,1.68922455410523,-1.07398873128168
6.7453034523528,1.56225808360343,1.69201652062645,-1.10720328594925
6.75341078823303,1.58535824493605,1.69410460914952,-1.13991205718928
6.76151812411326,1.60684848177706,1.69546684744031,-1.17208141265018
6.76962545999349,1.62666426145941,1.69608644043942,-1.20368042604276
6.77773279587372,1.64474340612854,1.69595197053674,-1.23468026412449
6.78584013175395,1.66102641845701,1.69505755408911,-1.26505340710734
6.79394746763418,1.67545685705823,1.69340295172412,-1.29477269781016
6.80205480351442,1.68798175948218,1.69099363011914,-1.32381022122447
6.81016213939465,1.69855210884756,1.68784077313036,-1.35213602410101
6.81826947527488,1.70712333817575,1.68396124038981,-1.37971669363458
6.82637681115511,1.71365586438752,1.67937747180399,-1.40651382513578
6.83448414703534,1.71811564176427,1.67411733679427,-1.43248242038309
6.84259148291557,1.72043088742771,1.66821117366561,-1.45792390663786
6.85069881879581,1.72051624033234,1.66169354123056,-1.48329161806552
6.85880615467604,1.71849596471633,1.65461600190085,-1.50739138997088
6.86691349055627,1.7143561502319,1.64702490509266,-1.53019771875833
6.8750208264365,1.7080931627116,1.63897062502376,-1.55165393293687
6.88312816231673,1.69971344607008,1.63050704066624,-1.57167621892996
6.89123549819697,1.68923336350646,1.62169098558876,-1.59015702155459
6.8993428340772,1.67667902716206,1.61258167077496,-1.60696818711909
6.90745016995743,1.66208607667342,1.60324008535567,-1.62196412753348
6.91555750583766,1.64549937726936,1.59372838176372,-1.63498520507238
6.92366484171789,1.6269726175937,1.58410925307342,-1.64586146602016
6.93177217759813,1.60656779650799,1.57444531118211,-1.65441678547128
6.93987951347836,1.58435459679237,1.56479847498998,-1.66047342449557
6.94798684935859,1.56040965183193,1.55522937781239,-1.66385694521037
6.95609418523882,1.53481571885943,1.54579680290888,-1.66440138029938
6.96420152111905,1.50766077885872,1.53655715525394,-1.66195451288083
6.97230885699928,1.47903708852294,1.52756397655088,-1.65638309215117
6.98041619287951,1.44904021342365,1.51886750907571,-1.64757779147055
6.98852352875975,1.41776807354689,1.51051431232744,-1.63545770955727
6.99663086463998,1.38532003244484,1.50254693476904,-1.61997422254227
7.00473820052021,1.35179605940807,1.49500364128749,-1.60111401430121
7.01284553640044,1.31729599038418,1.48791819549852,-1.57890114340231
7.02095287228067,1.28191890809603,1.48131969477078,-1.55339804511921
7.0290602081609,1.24576265530696,1.47523245492026,-1.5247054136323
7.03716754404114,1.20890705499599,1.46967633443527,-1.49309204202201
7.04527487992137,1.17139126284098,1.46466762003269,-1.45917235147468
7.0533822158016,1.13332104442121,1.46021637392836,-1.42304684703308
7.06148955168183,1.09480391403034,1.4563274962549,-1.38481450175541
7.06959688756206,1.05594400505858,1.45300095213812,-1.34460975074589
7.0777042234423,1.01684224769445,1.4502319247764,-1.30259732810631
7.08581155932253,0.977596596167509,1.44801099876352,-1.25896686899862
7.09391889520276,0.938302290974581,1.4463243719374,-1.21392740723204
7.10202623108299,0.899052140182354,1.44515409443958,-1.16770190661517
7.11013356696322,0.85993680375864,1.44447833398341,-1.1205219638583
7.11824090284345,0.8210450658233,1.44427166651208,-1.07262281268053
7.12634823872369,0.782464081533336,1.44450539145726,-1.02423874397871
7.13445557460392,0.744279587788613,1.44514787068049,-0.975599036784958
7.14256291048415,0.706576069810502,1.44616488990323,-0.926924470833641
7.15067024636438,0.669436878654922,1.44752004103346,-0.878424465553241
7.15877758224461,0.632944297646543,1.44917512330945,-0.830294863865752
7.16688491812484,0.597179558373473,1.4510905606462,-0.782716353875454
7.17499225400508,0.562222809120801,1.45322583202597,-0.735853498705497
7.18309958988531,0.528153040356904,1.45553991126097,-0.6898543254469
7.19120692576554,0.495047973080287,1.45799171200516,-0.644850409134741
7.19931426164577,0.462983916493198,1.46054053352951,-0.600957377217534
7.207421597526,0.432035601636147,1.46314650251799,-0.558275754156971
7.21552893340623,0.402275997366761,1.46577100599884,-0.516892064306412
7.22363626928647,0.37377611448765,1.468377110499,-0.476880113553813
7.2317436051667,0.346604803019318,1.47092996259291,-0.438302375700532
7.23985094104693,0.320785638639783,1.4734003369344,-0.401565355341187
7.24795827692716,0.296402319363503,1.47575715729109,-0.366550435315878
7.25606561280739,0.273561272487523,1.47797058827021,-0.332920747121903
7.26417294868763,0.252316198445316,1.48001790064086,-0.30074380341681
7.27228028456786,0.232718252644988,1.48187998374699,-0.270077300496469
7.28038762044809,0.214815797292518,1.48354154700441,-0.240970531334336
7.28849495632832,0.198654159725923,1.48499127911246,-0.213465634219973
7.29660229220855,0.1842753967791,1.48622196303016,-0.187598675894165
7.30470962808878,0.171718064813342,1.48723054524956,-0.163400572697342
7.31281696396902,0.161016995279289,1.48801815838635,-0.140897857012664
7.32092429984925,0.152203075982313,1.48859009659511,-0.120113299188515
7.32903163572948,0.145303038596584,1.48895574380424,-0.101066397205926
7.33713897160971,0.140339253381134,1.48912845525111,-0.0837737476876229
7.34524630748994,0.137329532469039,1.48912539328071,-0.0682493125204969
7.35335364337017,0.13629270750362,1.48896700848933,-0.0544569189465815
7.36146097925041,0.137229355920627,1.48867784341992,-0.0424683445784165
7.36956831513064,0.140141559326361,1.48828509855397,-0.0322986081349685
7.37767565101087,0.145028373870436,1.48781859037788,-0.0239422545764741
7.3857829868911,0.151883179120592,1.48731052915288,-0.0173942341451156
7.39389032277133,0.160693652909271,1.48679512016325,-0.012649223445349
7.40199765865157,0.171441758933595,1.48630814002003,-0.00970103615610659
7.4101049945318,0.184103751863669,1.48588649230303,-0.00854211379652509
7.41821233041203,0.198650204110877,1.48556774714608,-0.00916308841729942
7.42631966629226,0.215046057762601,1.48538966964513,-0.0115524102310403
7.43442700217249,0.233250704504709,1.48538974218952,-0.0156960341028197
7.44253433805272,0.253218095632994,1.48560468597622,-0.0215771595547364
7.45064167393295,0.274896883509111,1.48606998706052,-0.0291760195406739
7.45874900981319,0.298230595056753,1.48681943231867,-0.0384697137528427
7.46685634569342,0.323156776411016,1.48788466742961,-0.0494408574062115
7.47496368157365,0.349609830221835,1.48929474135217,-0.062055978371608
7.48307101745388,0.377519624658571,1.49107573098533,-0.0762791645764593
7.49117835333411,0.406811600324692,1.49325036524678,-0.0920735783768438
7.49928568921434,0.437407398729269,1.49583768381879,-0.109398884520976
7.50739302509458,0.469225194646981,1.4988527375031,-0.12821132516241
7.51550036097481,0.50218004675947,1.50230633045871,-0.148463806949559
7.52360769685504,0.536184261989897,1.50620480734373,-0.170106000938925
7.53171503273527,0.571147768728491,1.51054988782108,-0.193084455839111
7.5398223686155,0.606978494029651,1.51533855029769,-0.217342724903064
7.54792970449573,0.643582739844477,1.5205629661581,-0.242821506638899
7.55603704037597,0.680865553437506,1.5262104851376,-0.269458799397417
7.5641443762562,0.718731087321448,1.53226367186654,-0.297190069810048
7.57225171213643,0.757082944325525,1.53870039301815,-0.325948434988017
7.58035904801666,0.795824503785044,1.54549395391493,-0.355664858345345
7.5884663838969,0.834859008813565,1.55261327220255,-0.386270152817872
7.59657371977713,0.874088149303959,1.56002301524675,-0.417709251997286
7.60468105565736,0.913415984978419,1.56768404855533,-0.449911008471203
7.61278839153759,0.952747741598489,1.57555369344148,-0.482800243526161
7.62089572741782,0.991989621727264,1.58358605826952,-0.516301148366642
7.62900306329805,1.03104895947672,1.59173241974727,-0.550337587834248
7.63711039917828,1.06983434494628,1.59994163304454,-0.584833410114389
7.64521773505852,1.10825571911311,1.60816056660968,-0.61971276374923
7.65332507093875,1.14622444072718,1.61633455742673,-0.654900422251604
7.66143240681898,1.18365332751808,1.62440788238064,-0.690322115614594
7.66953974269921,1.22045667472429,1.63232424137198,-0.725904867005839
7.67764707857944,1.25655025460171,1.64002724783987,-0.76157733189444
7.68575441445967,1.2918513011481,1.64746092240714,-0.797270135753433
7.69386175033991,1.32627848478591,1.65457018544847,-0.832916205290974
7.70196908622014,1.35975188217179,1.66130134449337,-0.868451086876382
7.71007642210037,1.39219294663835,1.66760257250591,-0.903813244442526
7.7181837579806,1.42352448501753,1.6734243732249,-0.938944327679318
7.72629109386083,1.45367064673572,1.67872002989578,-0.973789399816386
7.73439842974107,1.48255693110305,1.68344603387474,-1.00829711278153
7.7425057656213,1.51011021863199,1.68756248973016,-1.04241981609266
7.75061310150153,1.53625883200586,1.69103349360469,-1.07611358459939
7.75872043738176,1.56093263196301,1.69382748172947,-1.10933814926716
7.76682777326199,1.58406315285689,1.69591754610012,-1.14205671474978
7.77493510914222,1.60558378198112,1.69728171443257,-1.17423564770582
7.78304244502246,1.62542998590077,1.69790319161867,-1.20584402087815
7.79114978090269,1.64353958599257,1.69777056000071,-1.23685300007832
7.79925711678292,1.65985308415959,1.69687793588907,-1.26723506459444
7.80736445266315,1.67431403824497,1.69522507986606,-1.29696305634374
7.81547178854338,1.68686948502771,1.69281745856493,-1.32600905943835
7.82357912442361,1.69747040685474,1.6896662557989,-1.35434311977204
7.83168646030385,1.70607223597503,1.68578833115821,-1.38193182370507
7.83979379618408,1.71263538853616,1.68120612450873,-1.40873676573605
7.84790113206431,1.71712581804576,1.67594750523236,-1.4347129468541
7.85600846794454,1.71947174085108,1.67004281159578,-1.46016179355392
7.86411580382477,1.7195877951315,1.6635266023744,-1.48553663925707
7.872223139705,1.71759824434951,1.65645043994399,-1.50964331854732
7.88033047558524,1.71348917738102,1.64886067368594,-1.53245632713098
7.88843781146547,1.70725695928171,1.6408076777844,-1.55391899284195
7.8965451473457,1.69890803318882,1.63234533117903,-1.57394750145168
7.90465248322593,1.68845876152349,1.6235304674072,-1.59243429714829
7.91275981910616,1.67593525564858,1.61442229742245,-1.60925122563442
7.9208671549864,1.66137315442166,1.6050818103267,-1.62425269823764
7.92897449086663,1.64481732229211,1.59557115852502,-1.63727907667349
7.93708182674686,1.62632144712386,1.58595303506514,-1.6481604066906
7.94518916262709,1.60594752699813,1.57629005181901,-1.65672056287114
7.95329649850732,1.58376524391428,1.56664412766259,-1.6627818057961
7.96140383438755,1.55985123047629,1.5570758958882,-1.66616969711755
7.96951117026779,1.53428824313541,1.54764413973354,-1.66671826907748
7.97761850614802,1.50716426209358,1.53840526415237,-1.66427530437602
7.98572584202825,1.47857154326173,1.52941281082852,-1.65870755181519
7.99383317790848,1.44860565142892,1.52071702201965,-1.64990568438442
8.00194051378871,1.41736450579833,1.51236445720765,-1.63778880045507
8.01004784966894,1.38494746913906,1.50439766483952,-1.62230827583483
8.01815518554917,1.3514545099583,1.49685490978744,-1.60345079410001
8.02626252142941,1.31698546342006,1.48976995565353,-1.58124041354326
8.03436985730964,1.28163941146337,1.48317189979404,-1.55573956918653
8.04247719318987,1.24551419606758,1.47708505801371,-1.52704895498244
8.0505845290701,1.20868963942747,1.47152928879079,-1.49543736380755
8.05869186495033,1.17120489643658,1.46652087883328,-1.46151921666828
8.06679920083057,1.13316573188968,1.46206989034935,-1.42539501845138
8.0749065367108,1.09467965929584,1.45818122346508,-1.38716374208305
8.08301387259103,1.05585081126053,1.45485484330098,-1.34695982255947
8.09112120847126,1.01678011718752,1.45208593305128,-1.30494799389842
8.09922854435149,0.977565530521492,1.44986507730678,-1.26131789120181
8.10733588023172,0.938302290974375,1.44817847390366,-1.21627854824284
8.11544321611196,0.899083205827969,1.44700817298285,-1.17005292881811
8.12355055199219,0.859998934265168,1.44633234225828,-1.12287262964992
8.13165788787242,0.821138259620931,1.44612555767493,-1.07497288449336
8.13976522375265,0.782588336267427,1.44635911866745,-1.02658798430535
8.14787255963288,0.744434900319729,1.44700138710148,-0.977947208202035
8.15597989551311,0.706762436214495,1.44801814870383,-0.929271336025804
8.16408723139335,0.669654294223036,1.44937299538897,-0.880769787337157
8.17219456727358,0.633192756885521,1.4510277264029,-0.832638405214059
8.18030190315381,0.597459055005709,1.45294276566947,-0.785057877940734
8.18840923903404,0.562533336084495,1.45507759218099,-0.738192768844207
8.19651657491427,0.528494589806245,1.45739117976092,-0.692191105243297
8.2046239107945,0.495420536385636,1.45984244207564,-0.647184462424751
8.21273124667474,0.463387484241318,1.46239067840973,-0.603288468112636
8.22083858255497,0.432470163630443,1.46499601546194,-0.560603647068048
8.2289459184352,0.402741542627528,1.46761984027648,-0.519216523967528
8.23705325431543,0.374272631252361,1.47022521939744,-0.479200905046028
8.24516059019566,0.347132278742913,1.47277729941757,-0.440619264475615
8.2532679260759,0.321344059994988,1.47524685501022,-0.40387810724533
8.26137526195613,0.296991672241169,1.47760280996372,-0.368858816613367
8.26948259783636,0.27418154199698,1.47981532890712,-0.335224524518729
8.27758993371659,0.252967368914753,1.4818616826326,-0.303042744084253
8.28569726959682,0.233400307621843,1.4837227605083,-0.272371172094623
8.29380460547705,0.215528719543898,1.48538327197545,-0.243259102035603
8.30191194135729,0.199397931239039,1.48683190575997,-0.215748672732474
8.31001927723752,0.185049998761719,1.48806144484861,-0.189875951485136
8.31812661311775,0.172523477694268,1.48906883576236,-0.165671855216434
8.32623394899798,0.161853198708853,1.48985521114701,-0.143162916915213
8.33434128487821,0.15307004883289,1.4904258651884,-0.12237190755874
8.34244862075844,0.146200758963112,1.49079018184739,-0.103318325780064
8.35055595663868,0.141267698581695,1.49096151639497,-0.0860187688769942
8.35866329251891,0.138288679045418,1.4909570312109,-0.0704871994345103
8.36677062839914,0.137282531221885,1.49079717692744,-0.056687445415663
8.37487796427937,0.138249831771754,1.49050649612467,-0.0446912851768671
8.3829853001596,0.141192661526878,1.49011218932238,-0.0345137382037478
8.39109263603983,0.146110075863052,1.48964407304643,-0.0261493502459032
8.39919997192007,0.152995453574882,1.48913435759867,-0.0195930723575044
8.4073073078003,0.161836471722357,1.4886172483052,-0.0148395819775363
8.41541464368053,0.172615093230857,1.48812852182001,-0.0118826936419198
8.42352197956076,0.18530757199949,1.48770508176702,-0.0107148497491567
8.43162931544099,0.199884479669381,1.48738449832534,-0.0113266832515862
8.43973665132123,0.216310757558417,1.4872045366374,-0.0137066452856553
8.44784398720146,0.234545796583754,1.48720267914012,-0.0178406916623686
8.45595132308169,0.254543547273299,1.48741564707925,-0.0237120228717664
8.46405865896192,0.276252661221639,1.48787892655998,-0.0313008728575782
8.47216599484215,0.299616664586248,1.48862630450966,-0.0405843423236644
8.48027333072238,0.324573102736855,1.48968942665947,-0.0515450475183431
8.48838066660262,0.351056377558935,1.49109734202159,-0.0641495173673987
8.49648800248285,0.378996356458254,1.49287612754957,-0.0783618408746879
8.50459533836308,0.408318479275673,1.49504851221678,-0.0941451814941356
8.51270267424331,0.438944386758535,1.49763353576232,-0.111459205093041
8.52081001012354,0.470792252920783,1.50064624904592,-0.130260154965219
8.52891734600377,0.503777135684299,1.50409745628572,-0.150500938920382
8.53702468188401,0.537811341213505,1.50799350220011,-0.172131229197274
8.54513201776424,0.572804797140874,1.51233610651344,-0.195097575707522
8.55323935364447,0.608665429764102,1.51712224769517,-0.219343532927795
8.5613466895247,0.645299540278652,1.52234409719356,-0.244809800610491
8.56945402540493,0.682612175194487,1.52798900480875,-0.271434378371126
8.57756136128516,0.720507486270867,1.53403953523706,-0.29915273412617
8.5856686971654,0.758889075584645,1.54047355521885,-0.327897986292043
8.59377603304563,0.797660321719909,1.54726437014485,-0.357601099608022
8.60188336892586,0.836724467040151,1.55438089773011,-0.388192888355107
8.60999070480609,0.875983200689351,1.56178780541089,-0.419618287489933
8.61809804068632,0.915340581642002,1.56944595876663,-0.451806150984701
8.62620537656655,0.954701834913135,1.57731267918327,-0.484681301530012
8.63431271244679,0.993973162320598,1.58534207509905,-0.518167931753799
8.64242004832702,1.03306189723233,1.59348542329676,-0.552189907940296
8.65052738420725,1.07187662900501,1.60169157902237,-0.586671079736641
8.65863472008748,1.11032729787434,1.6099074108015,-0.621535597165638
8.66674205596771,1.14832526185013,1.61807825569653,-0.656708235239513
8.67484939184794,1.18578333792312,1.6261483906719,-0.692114725469373
8.68295672772818,1.22261582059429,1.63406151570879,-0.727682092559353
8.69106406360841,1.2587384813834,1.64176124432802,-0.763338993533348
8.69917139948864,1.29406855355344,1.64919159723525,-0.799016055437339
8.70727873536887,1.32852470679352,1.65629749488907,-0.834646206570434
8.7153860712491,1.36202701702831,1.66302524490402,-0.870164994910717
8.72349340712933,1.39449693685993,1.66932302033033,-0.905510886017514
8.73160074300957,1.42585727239123,1.67514132499401,-0.940625531224685
8.7397080788898,1.45603217232104,1.68043344222886,-0.975453995423152
8.74781541477003,1.48494713523335,1.68515586348047,-1.00994493221917
8.75592275065026,1.51252904091606,1.68926869340776,-1.04405069282612
8.76403008653049,1.53870621132941,1.692736028245,-1.07772735380591
8.77213742241073,1.56340850649023,1.69552630431601,-1.11093464785293
8.78024475829096,1.586567460032,1.69761261371021,-1.14363578136643
8.78835209417119,1.60811645852995,1.69897298423842,-1.17579712276673
8.79645943005142,1.62799096783239,1.69959062088841,-1.20738774657456
8.80456676593165,1.64612880860085,1.69945410609954,-1.23837882039529
8.81267410181188,1.6624704820249,1.69855755628028,-1.26874282532663
8.82078143769212,1.67695954523578,1.69690073211214,-1.29845260511096
8.82888877357235,1.68954303430229,1.69448910032862,-1.32748024570101
8.83699610945258,1.70017193086283,1.69133384484428,-1.35579579484631
8.84510344533281,1.70880166645955,1.68745182535176,-1.38336584077795
8.85321078121304,1.71539265653497,1.68286548182037,-1.41015197988019
8.86131811709327,1.71991085389336,1.67760268373655,-1.43610921504244
8.86942545297351,1.72228447418037,1.67169376947256,-1.46153897467415
8.87753278885374,1.72242815487559,1.66517329791045,-1.4868945941259
8.88564012473397,1.72046615874349,1.65809283153367,-1.51098190992454
8.8937474606142,1.71638457396376,1.65049871983237,-1.53377541973332
8.90185479649443,1.71017976489776,1.64244133710048,-1.55521845335679
8.90996213237467,1.70185817399016,1.63397456238851,-1.57522719855046
8.9180694682549,1.69143616297148,1.62515522934571,-1.59369410149983
8.92617680413513,1.67893984251579,1.61604254903853,-1.61049100991798
8.93428414001536,1.66440485079381,1.60669751068286,-1.62547233715579
8.94239147589559,1.64787605156994,1.59718226679875,-1.63847844696478
8.95049881177582,1.6294071320251,1.58755951054997,-1.64933938714198
8.95860614765606,1.60906008955946,1.57789185392551,-1.65787903433025
8.96671348353629,1.58690460549329,1.56824121591942,-1.6639196511833
8.97482081941652,1.56301731175343,1.55866822994312,-1.66728680143776
8.98292815529675,1.53748096411604,1.5492316793544,-1.66781451943176
8.99103549117698,1.51038354210999,1.5399879692282,-1.66535058997305
8.99914282705721,1.48181730097518,1.53099064137048,-1.65976176398242
9.00725016293745,1.45187780483165,1.52228993816207,-1.65093871657906
9.01535749881768,1.42066297221566,1.51393241920901,-1.63880054827485
9.02346483469791,1.38827216523151,1.50596063308347,-1.62329863702857
9.03157217057814,1.35480535172364,1.49841284478383,-1.60441966857796
9.03967950645837,1.32036236619547,1.49132281803936,-1.58218770338717
9.0477868423386,1.28504228992759,1.48471965033448,-1.55666517865961
9.05589417821884,1.24894296424301,1.47862765760309,-1.52795279053899
9.06400151409907,1.21214421068241,1.47306669845359,-1.49631933410242
9.0721088499793,1.17468518348736,1.46805305972509,-1.46237923256611
9.08021618585953,1.13667164680291,1.46359680375788,-1.42623299303562
9.08832352173976,1.09821111349059,1.45970283081114,-1.38797959066471
9.09643085762,1.05940771551061,1.45637110613943,-1.34775346268573
9.10453819350023,1.02036238162371,1.45359681307202,-1.3057193453609
9.11264552938046,0.981173064633816,1.45137053633572,-1.26206687604473
9.12075286526069,0.941935003614402,1.44967847390366,-1.21700509077088
9.12886020114092,0.902741005211084,1.44850267605471,-1.17075695560403
9.13696753702115,0.863681727972923,1.44782131064169,-1.12355406954204
9.14507487290139,0.824845954603369,1.44760895374942,-1.07563166862272
9.15318220878162,0.786320838845435,1.44783690495332,-1.02722404609265
9.16128954466185,0.74819211618739,1.4484735262608,-0.978560483364389
9.16939688054208,0.710544270441485,1.44948460354132,-0.929861762583227
9.17750421642231,0.673460651257032,1.450833728853,-0.88133730561885
9.18561155230254,0.637023540554594,1.45248270158637,-0.833182957864409
9.19371888818278,0.601314168520762,1.45439194581078,-0.785579409925125
9.20182622406301,0.566412682041718,1.45652094066497,-0.73869122745459
9.20993355994324,0.532398070189558,1.45882866011974,-0.692666440103497
9.21804089582347,0.499348052569183,1.46127401798972,-0.647636625495576
9.2261482317037,0.46733893699195,1.46381631370868,-0.603717413696729
9.23425556758393,0.436445453110223,1.46641567412547,-0.561009331814489
9.24236290346417,0.406740568396259,1.4690334864353,-0.519598906876239
9.2504702393444,0.378295292270122,1.47163281733417,-0.479559947471899
9.25857757522463,0.351178473372611,1.47417881356767,-0.44095493013242
9.26668491110486,0.325413686004928,1.47664224996284,-0.404190362209393
9.27479224698509,0.301084626807633,1.47899205046261,-0.369147629326981
9.28289958286532,0.278297721706832,1.48119837985156,-0.335489865793354
9.29100691874556,0.257106669768042,1.48323850907823,-0.303284587103469
9.29911425462579,0.23756262503444,1.48509332766804,-0.272589492416829
9.30722159050602,0.219713948350131,1.48674754522037,-0.243453877596497
9.31532892638625,0.20360596569436,1.48818985062016,-0.215919883847278
9.32343626226648,0.189280732545363,1.48941302701405,-0.190023580850588
9.33154359814671,0.176776803911947,1.49041402108379,-0.165795887912537
9.33965093402695,0.166129009895456,1.4911939656368,-0.143263340406738
9.34775826990718,0.157368236955199,1.4917581550214,-0.122448711696497
9.35586560578741,0.150521215422535,1.49211597336179,-0.103371502801928
9.36397294166764,0.145610314216996,1.49228077609314,-0.0860483134086873
9.37208027754787,0.142653344135482,1.49226972576025,-0.0704931084901476
9.3801876134281,0.141667260264169,1.49210337413282,-0.0566852294174744
9.38829494930834,0.142656973379171,1.49180602708546,-0.0446606025624762
9.39640228518857,0.145621935262947,1.49140503241961,-0.0344559912923142
9.4045096210688,0.150561243204245,1.49093020364668,-0.0260655927097517
9.41261695694903,0.157468308383111,1.49041374883859,-0.0194840879128566
9.42072429282926,0.166330832682647,1.48988987170847,-0.0147059469024033
9.4288316287095,0.177130797874535,1.48939434777775,-0.011724826221302
9.43693896458973,0.18984447200295,1.48896407990786,-0.0105330491879289
9.44504630046996,0.204442437175879,1.4886366377969,-0.0111211601312081
9.45315363635019,0.220889642317507,1.48844978631756,-0.0134775452567884
9.46126097223042,0.23914548374187,1.48844100779291,-0.0175881137486089
9.46936830811065,0.259163915680598,1.48864702346769,-0.0234360334987725
9.47747564399089,0.280893592146476,1.4891033195258,-0.03100151650772
9.48558297987112,0.304278040749694,1.48984368302784,-0.0402616495408083
9.49369031575135,0.329254802551719,1.49089975990627,-0.0511990825710964
9.50179765163158,0.355758282207608,1.49230059929911,-0.063780319744802
9.50990498751181,0.383718348758628,1.49407227833627,-0.0779694346766777
9.51801232339204,0.413060441913073,1.49623752619303,-0.0937295900693923
9.52611965927228,0.443706202117649,1.498815382816,-0.111020452446845
9.53422699515251,0.475573802958089,1.50182089927509,-0.12979826683239
9.54233433103274,0.508578301833578,1.50526487999898,-0.150015943565452
9.55044166691297,0.542632004318117,1.50915366991543,-0.171623157994035
9.5585490027932,0.577644837407543,1.51348898895599,-0.194566463541599
9.56665633867343,0.613524726733765,1.51826781579446,-0.218789418458556
9.57476367455367,0.650177972810734,1.52348232208035,-0.244232726422465
9.5828710104339,0.687509621461554,1.52911985781183,-0.270834391039791
9.59097834631413,0.725423823761235,1.53516298788026,-0.298529884218578
9.59908568219436,0.763824181110843,1.54158957921824,-0.327252328318891
9.60719301807459,0.802614071431341,1.54837293740636,-0.356932691940652
9.61530035395483,0.841696744333485,1.55548198073771,-0.387501727695306
9.62340768983506,0.88097389955185,1.56288137749937,-0.418904281183028
9.63151502571529,0.920349569876825,1.57053199220445,-0.4510694218081
9.63962236159552,0.959728980777531,1.57839114641767,-0.483921966967205
9.64772969747575,0.999018334428223,1.58641294876452,-0.517386104816469
9.65583703335598,1.03812496445554,1.59454867622144,-0.551385697992003
9.66394436923622,1.07695746038162,1.60274718423259,-0.585844593280475
9.67205170511645,1.11542576252157,1.61095534152492,-0.62068693857298
9.68015904099668,1.15344122888725,1.61911848536424,-0.655837507407752
9.68826637687691,1.19091667640324,1.62718089291959,-0.691222030403898
9.69637371275714,1.22776639944531,1.63508626437742,-0.726767531880385
9.70448104863737,1.26390616935761,1.64277821346402,-0.76240266891136
9.71258838451761,1.29925321918502,1.65020076109053,-0.798058068962714
9.72069572039784,1.33372621836323,1.65729882792084,-0.833666661064062
9.72880305627807,1.36724524253444,1.66401872177451,-0.869163994182432
9.7369103921583,1.39973174399473,1.67030861590658,-0.904488535079231
9.74501772803853,1.43110852852203,1.67611901434766,-0.939581936464598
9.75312506391877,1.4612997444753,1.68140320063595,-0.974389264746851
9.761232399799,1.49023089008713,1.6861176664214,-1.00885917516288
9.76933973567923,1.51782884478521,1.69022251656722,-1.04294402064664
9.77744707155946,1.54402193016311,1.69368184751205,-1.07659987955119
9.78555440743969,1.56874000586647,1.69646409578423,-1.1097864864167
9.79366174331992,1.59191460515457,1.69854235367785,-1.14246704952962
9.80176907920016,1.61347911422674,1.69989464920868,-1.1746079392282
9.80987641508039,1.63336899855471,1.70050418756976,-1.20617823197307
9.81798375096062,1.65152207842363,1.70035955140602,-1.2371490973243
9.82609108684085,1.6678788546475,1.69945485733194,-1.2674930183434
9.83419842272108,1.68238288398343,1.69778986623543,-1.29718284074091
9.84230575860131,1.6949812021279,1.69537004505682,-1.32619065243838
9.85041309448155,1.70562479034921,1.69220657791798,-1.35448650315173
9.85852043036178,1.71426907982184,1.68831632471934,-1.38203698307354
9.86662776624201,1.72087448562335,1.68372172563849,-1.40880369054271
9.87473510212224,1.72540696019593,1.67845065037064,-1.4347416303948
9.88284243800247,1.72779471882677,1.67253343749735,-1.46015223297084
9.8909497738827,1.72795239863995,1.66600464611048,-1.48548883554341
9.89905710976294,1.72600426204534,1.65891583890368,-1.50955727656835
9.90716444564317,1.72193639687359,1.65131336557791,-1.53233205560743
9.9152717815234,1.7157451671402,1.64324760063844,-1.55375650435157
9.92337911740363,1.70743701494735,1.63477242334761,-1.57374681242963
9.93148645328386,1.69702830168647,1.625944667567,-1.59219542788683
9.93959378916409,1.68454513769596,1.61682354457591,-1.6089742002818
9.94770112504433,1.67002316081437,1.60747004380354,-1.62393754479639
9.95580846092456,1.65350723447744,1.59794631798379,-1.63692582699807
9.96391579680479,1.63505104554098,1.58831506049472,-1.64776909648459
9.97202313268502,1.61471659108358,1.57863888354014,-1.6562912316839
9.98013046856525,1.59257355210754,1.56897970632936,-1.66231449701898
9.98823780444548,1.56869856022533,1.55939816248957,-1.66566445797967
9.99634514032572,1.54317437090231,1.54995303559479,-1.66617515064104
10.0044524762059,1.51608896336016,1.54070073093664,-1.66369436153125
10.0125598120862,1.48753459253526,1.53169479053823,-1.65808884327484
10.0206671479664,1.45760682224776,1.522985456998,-1.64924927267789
10.0287744838466,1.42640357073766,1.51461929014005,-1.63709475192208
10.0368818197269,1.39402419981663,1.50663883875505,-1.62157666061879
10.0449891556071,1.36056867704022,1.49908236806031,-1.60268168614091
10.0530964914873,1.32613683662653,1.49198364200448,-1.58043389057022
10.0612038273676,1.29082775957457,1.48537175829177,-1.55489571270997
10.0693111632478,1.25473928692946,1.47927103307631,-1.52616785028582
10.077418499128,1.21795123995766,1.47370132518711,-1.49451909993879
10.0855258350083,1.18050277263022,1.46867892168436,-1.46056388643072
10.0936331708885,1.14249964882541,1.46421388512979,-1.42440271839444
10.1017405067687,1.10404938114163,1.46031111600442,-1.38613457249244
10.109847842649,1.06525610127976,1.45697057978508,-1.34589388744708
10.1179551785292,1.02622073774485,1.45418746002364,-1.30384540099182
10.1260625144094,0.987041243088932,1.45195234166995,-1.26017875193332
10.1341698502897,0.947812856137317,1.45025142292053,-1.21510297773833
